,source,target,finished,human_path_length,shortest_path_length,path_deviation,playtime_sec,playtime_min,type,failure_article,difficulty_rating,number_backclicks,hashedIpAddress,timestamp,category,gender,nr_link_in,in_degree_rep,success_rate
4696,Battle_of_Gettysburg,Helen,True,18,3,15,491,8.183333333333334,,,,3,0dcf273f5680894f,1384881573,Historical_figures,female,7,1,1.0
7096,Badminton,J._K._Rowling,False,5,3,2,102,1.7,restart,<,,1,372bf51e197303b6,1366389652,Writers_and_critics,female,5,1,0.6
5741,History_of_slavery,Tiger_Woods,False,7,3,4,2080,34.666666666666664,timeout,Football,,0,61efce1931622a56,1388126689,Sports_and_games_people,male,3,1,0.0
1547,Cancer,J._M._W._Turner,False,6,3,3,1871,31.183333333333334,timeout,House_of_Lords,,1,187882e45668a3f0,1379293628,Artists,male,12,1,0.5
6093,Margaret_Sanger,William_and_Mary,True,9,3,6,1474,24.566666666666666,,,,0,40e3f8e21c560cbc,1370740444,Monarchs_of_Great_Britain,female,8,1,0.6666666666666666
2190,Coconut_crab,David_Beckham,True,5,4,1,174,2.9,,,,0,0662ecc3019d336f,1355149526,Sports_and_games_people,male,6,1,0.5
5761,Dunnock,Mary_I_of_Scotland,True,10,4,6,56,0.9333333333333333,,,,1,2203eb5c1afbb3a1,1327266709,Monarchs_of_Great_Britain,female,16,1,0.75
5912,Human_rights,Leon_Trotsky,True,3,2,1,30,0.5,,,,0,4c953195537599c4,1248842615,Political_People,male,17,1,1.0
6755,Gas_metal_arc_welding,Henry_VI_of_England,True,24,4,20,554,9.233333333333333,,,,3,64f8e7993e155012,1310282716,Monarchs_of_Great_Britain,male,13,1,
6711,Henry_Morrison_Flagler,Margaret_Thatcher,True,5,3,2,119,1.9833333333333334,,,1.0,0,0d57c8c57d75e2f5,1284750812,Political_People,female,38,2,0.8
4983,Nitrification,Ariel_Sharon,True,5,3,2,107,1.7833333333333334,,,,0,483f22e936ed4ce0,1332716712,Political_People,male,8,1,
7229,Equatorial_Guinea,Britney_Spears,False,4,3,1,316,5.266666666666667,restart,Rhythm_and_blues,,0,2f37778730668d11,1364488193,Actors_models_and_celebrities,female,8,1,0.0
7421,Music_of_Ireland,Anne_of_Great_Britain,True,4,3,1,70,1.1666666666666667,,,,0,74e1ade83225459d,1248813805,Monarchs_of_Great_Britain,female,29,2,
6786,Currency,Charles_Babbage,True,17,3,14,357,5.95,,,5.0,1,4b43836160785bfb,1249765252,Computing_People,male,10,1,1.0
7724,Taipei,Eva_Per%C3%B3n,False,4,3,1,322,5.366666666666666,restart,Argentina,,0,28d2148632bf4519,1352882875,Political_People,female,3,1,
6476,Poetry_of_the_United_States,Mary_II_of_England,True,6,3,3,145,2.4166666666666665,,,3.0,0,284ce9986e3258cc,1234040303,Monarchs_of_Great_Britain,female,22,1,1.0
2955,Human_rights,Anne_Frank,True,4,2,2,96,1.6,,,,0,052694457be4765c,1266375362,Writers_and_critics,female,6,1,1.0
6788,Kolkata,Charles_Babbage,True,4,3,1,55,0.9166666666666666,,,,0,24e9fc2e2d40b81a,1273874622,Computing_People,male,10,1,1.0
6607,Darfur_conflict,Johann_Sebastian_Bach,True,7,2,5,130,2.1666666666666665,,,3.0,0,26f5ea3e58e01350,1260525084,Performers_and_composers,male,30,2,1.0
119,South_Africa,Martina_Navratilova,True,4,3,1,86,1.4333333333333333,,,2.0,0,26f5ea3e58e01350,1261407117,Sports_and_games_people,female,4,1,1.0
5110,Cotopaxi,Victoria_of_the_United_Kingdom,True,6,3,3,159,2.65,,,1.0,0,71688d094165ef47,1381102263,Historical_figures,female,77,4,1.0
4187,Ramesses_II,William_Thomson%2C_1st_Baron_Kelvin,True,11,3,8,215,3.5833333333333335,,,,1,13d51d2f268f80e0,1368707558,Mathematicians,male,7,1,1.0
5421,Manchester,Barbara_McClintock,False,5,3,2,1841,30.683333333333334,timeout,World_Heritage_Site,,0,0c434a196bed807c,1299529401,Human_Scientists,female,6,1,0.6666666666666666
5409,Jesus,Robert_Boyle,True,6,3,3,72,1.2,,,5.0,0,700b22112ce03e73,1240246305,Chemists,male,19,1,1.0
7686,Pope_Pius_XII,Hilda_of_Whitby,False,9,4,5,946,15.766666666666667,restart,Henry_VIII_of_England,,0,55de59f437fdf78c,1353774269,Religious_figures_and_leaders,female,2,1,
3358,Vitamin_D,Cleopatra_VII,True,5,3,2,164,2.7333333333333334,,,,0,605fd5c81d6a1a17,1310498014,Historical_figures,female,17,1,1.0
6480,J%C3%B3zef_Pi%C5%82sudski,Mary_II_of_England,True,7,3,4,406,6.766666666666667,,,,0,493ee14c16f55ef9,1299115757,Monarchs_of_Great_Britain,female,22,1,1.0
6345,Mineral,John_Calvin,True,8,3,5,196,3.2666666666666666,,,3.0,1,6e7a907600ca5d3d,1266684056,Religious_figures_and_leaders,male,18,1,
7455,Windows_2000,Bette_Davis,True,5,4,1,126,2.1,,,,0,79a893b03dd4d771,1366290581,Actors_models_and_celebrities,female,7,1,0.5
2275,Nintendo,Kurt_Cobain,True,7,3,4,168,2.8,,,1.0,1,75e1906c76cbb2fd,1360632832,Performers_and_composers,male,7,1,
5762,Hadrian%27s_Wall,Mary_I_of_Scotland,False,5,3,2,1837,30.616666666666667,timeout,Mary_I_of_England,,0,2f7f5bc901f63206,1340910915,Monarchs_of_Great_Britain,female,16,1,0.75
4950,Buddhism,Rosa_Parks,True,10,4,6,208,3.466666666666667,,,3.0,1,649b437c2636c1ca,1351550193,Historical_figures,female,3,1,
5749,Cancer,Mary_I_of_Scotland,True,9,3,6,203,3.3833333333333333,,,,0,5c47b517641e8486,1259427057,Monarchs_of_Great_Britain,female,16,1,0.75
6665,Spacecraft_propulsion,Pel%C3%A9,True,6,4,2,168,2.8,,,,0,1b9973683b0a88f2,1327651932,Sports_and_games_people,male,10,1,1.0
7216,Ununoctium,Britney_Spears,False,6,4,2,1951,32.516666666666666,timeout,Neil_Young,,0,419186222306f380,1320787380,Actors_models_and_celebrities,female,8,1,0.0
6352,Borage,Marie_Curie,True,4,3,1,95,1.5833333333333333,,,,0,76baa89b5bf0f0df,1321295135,Chemists,female,10,1,0.4
5367,Tanzania,Bruce_Springsteen,True,5,3,2,140,2.3333333333333335,,,3.0,0,3c8ba56662c9e9c2,1266641809,Performers_and_composers,male,5,1,1.0
3720,Barbary_Lion,Keira_Knightley,True,5,4,1,35,0.5833333333333334,,,2.0,0,27bb85bf43c94394,1237445563,Actors_models_and_celebrities,female,3,1,0.5
7352,Mechanical_work,Joan_of_Arc,False,7,4,3,1877,31.283333333333335,timeout,Middle_Ages,,0,25abf3566714fd52,1337957251,Military_People,female,7,1,0.25
5224,Vasco_da_Gama,Vivien_Leigh,False,12,4,8,164,2.7333333333333334,restart,<,,2,447554f33458d130,1298785915,Actors_models_and_celebrities,female,8,1,
5378,ZX_Spectrum,Bruce_Springsteen,True,13,4,9,264,4.4,,,3.0,3,22561dac152b0b35,1389616827,Performers_and_composers,male,5,1,1.0
3627,Boundary_Waters_Canoe_Area_Wilderness,Malcolm_X,True,6,3,3,86,1.4333333333333333,,,5.0,1,3be1650444141c18,1257177892,Religious_figures_and_leaders,male,7,1,
2315,Vanilla,Michael_Jordan,True,5,3,2,106,1.7666666666666666,,,,0,368c9d7472aacdec,1386403350,Sports_and_games_people,male,6,1,1.0
6050,Mount_Everest,Demosthenes,True,24,4,20,570,9.5,,,2.0,9,20bf683c0101495a,1240116863,Historical_figures,male,7,1,
7224,Sheffield,Britney_Spears,False,3,3,0,1867,31.116666666666667,timeout,Popular_culture,,0,63322a01228519d5,1327349662,Actors_models_and_celebrities,female,8,1,0.0
6474,String_theory,Mary_II_of_England,True,26,3,23,503,8.383333333333333,,,,10,473d6ac602c2b198,1314904490,Monarchs_of_Great_Britain,female,22,1,1.0
6355,Silicon,Marie_Curie,False,11,3,8,247,4.116666666666666,restart,Electron,,1,3b189bda54563bd2,1297712209,Chemists,female,10,1,0.4
3782,Tooth_development,Nikola_Tesla,True,4,3,1,94,1.5666666666666667,,,,0,473d6ac602c2b198,1323369883,Engineers_and_inventors,male,15,1,
7004,Djibouti,Boudica,True,6,3,3,253,4.216666666666667,,,3.0,0,0d57c8c57d75e2f5,1283700884,Historical_figures,female,5,1,0.42857142857142855
7196,2nd_century,Britney_Spears,False,28,3,25,681,11.35,restart,Culture,,6,1b94cd1029c7078e,1298784684,Actors_models_and_celebrities,female,8,1,0.0
3952,San_Francisco%2C_California,Indira_Gandhi,True,9,3,6,107,1.7833333333333334,,,,2,5b9170fb32eae9b4,1355685338,Political_People,female,12,1,
2041,Love,Henry_IV_of_England,True,9,4,5,105,1.75,,,1.0,0,60aacdb56cc721c5,1345251442,Monarchs_of_Great_Britain,male,19,1,1.0
1979,Lettuce,Carl_Jung,True,6,3,3,77,1.2833333333333334,,,4.0,0,3fae946c6d9b3bd5,1225364150,Human_Scientists,male,14,1,1.0
3722,Love,Keira_Knightley,False,4,4,0,1849,30.816666666666666,timeout,<,,1,415a5a745c83af40,1333340087,Actors_models_and_celebrities,female,3,1,0.5
207,String_theory,Francis_Bacon,True,5,3,2,64,1.0666666666666667,,,1.0,0,76bd7be90fc34b26,1248673418,Philosophers,male,16,1,1.0
1539,Antelope,H.D.,False,9,3,6,216,3.6,restart,<,,1,6f764edf18c789b8,1384761357,Writers_and_critics,female,6,1,
6512,Apollo_11,Romulus_Augustus,True,5,3,2,128,2.1333333333333333,,,,0,3dc25e89579787e2,1248896848,Historical_figures,male,5,1,
3821,Cotopaxi,Alexander_the_Great,True,5,3,2,229,3.816666666666667,,,,0,0299542414c3f20a,1257975634,Military_People,male,78,4,1.0
7087,Black-winged_Stilt,J._K._Rowling,True,4,3,1,75,1.25,,,2.0,0,482256e90e245bc8,1264487105,Writers_and_critics,female,5,1,0.6
6361,Johannesburg,Marie_Curie,False,7,3,4,2095,34.916666666666664,timeout,Niels_Bohr,,1,4841999445d305cb,1374868385,Chemists,female,10,1,0.4
6920,Barn_Owl,Nicolaus_Copernicus,True,8,3,5,626,10.433333333333334,,,,0,3095594471f1cc65,1250701811,Astronomers_and_physicists,male,21,1,
4699,Saltasaurus,Helen,True,6,3,3,61,1.0166666666666666,,,1.0,0,769e03d45862b4b6,1260324133,Historical_figures,female,7,1,1.0
7349,Vanilla,Joan_of_Arc,False,9,3,6,2084,34.733333333333334,timeout,Napoleon_I_of_France,,1,4288c5d3017ad5ed,1329206734,Military_People,female,7,1,0.25
7604,Telescope,Francis_of_Assisi,False,7,3,4,150,2.5,restart,<,,3,1b94cd1029c7078e,1298783078,Religious_figures_and_leaders,male,9,1,
6284,Arctic,Bill_Gates,True,5,3,2,59,0.9833333333333333,,,,0,0d57c8c57d75e2f5,1290919557,Computing_People,male,15,1,1.0
3192,Stem_cell,Florence_Nightingale,False,4,3,1,108,1.8,restart,United_States,,0,076cb1c0731059f7,1371233489,Human_Scientists,female,7,1,0.375
7204,Great_Red_Spot,Britney_Spears,False,6,4,2,182,3.033333333333333,restart,American_popular_music,,0,4339fe343ac82d00,1301538440,Actors_models_and_celebrities,female,8,1,0.0
4466,Telescope,Jane_Austen,True,6,3,3,126,2.1,,,,0,0f85b23c7ac58dfe,1332006868,Writers_and_critics,female,17,1,1.0
6261,Ammosaurus,Kylie_Minogue,False,7,3,4,114,1.9,restart,Music,,1,264a3e3a30e274fe,1348783325,Performers_and_composers,female,6,1,0.16666666666666666
4847,Obi-Wan_Kenobi,Christina_Aguilera,True,4,3,1,103,1.7166666666666666,,,,0,54156ef968205c55,1267075951,Performers_and_composers,female,5,1,
7013,Tamarind,Boudica,False,4,4,0,144,2.4,restart,Holy_Roman_Empire,,0,61a48f1b655a3167,1305493403,Historical_figures,female,5,1,0.42857142857142855
6627,Roman_villa,Edmund_Burke,True,8,3,5,61,1.0166666666666666,,,3.0,1,70b2863b747128bc,1258338050,Political_People,male,15,1,
2950,Yellow_fever,Anne_Frank,True,6,3,3,150,2.5,,,,0,506a32ef329b4269,1382227940,Writers_and_critics,female,6,1,1.0
6347,Anglican_Communion,Marie_Curie,True,39,3,36,1035,17.25,,,5.0,14,0d57c8c57d75e2f5,1295004590,Chemists,female,10,1,0.4
4325,Nurse_sharks,Leif_Ericson,True,4,3,1,18,0.3,,,,0,0d57c8c57d75e2f5,1283939804,Geographers_and_explorers,male,3,1,0.5
121,Colley_Cibber,Martina_Navratilova,True,4,3,1,60,1.0,,,,0,1e70669a000e8122,1260413974,Sports_and_games_people,female,4,1,1.0
6710,Darfur_conflict,Margaret_Thatcher,True,3,2,1,39,0.65,,,1.0,0,0299542414c3f20a,1260390051,Political_People,female,38,2,0.8
3189,Jakarta,Florence_Nightingale,False,6,3,3,128,2.1333333333333333,restart,United_Kingdom,,0,5e5b3e43164d9fb9,1366727416,Human_Scientists,female,7,1,0.375
1255,Philippines,Adam_Smith,True,6,3,3,142,2.3666666666666667,,,,0,3c8ba56662c9e9c2,1266641971,Historical_figures,male,38,2,1.0
7012,Walrus,Boudica,False,8,4,4,1952,32.53333333333333,timeout,<,,3,0c4264ae397c3e0e,1303985285,Historical_figures,female,5,1,0.42857142857142855
7010,Dominican_Republic,Boudica,False,3,3,0,52,0.8666666666666667,restart,Iceland,,0,5c26fb857d1bd2f0,1298785842,Historical_figures,female,5,1,0.42857142857142855
3193,Planetary_habitability,Florence_Nightingale,False,11,3,8,236,3.933333333333333,restart,Genetics,,0,2aa6f0f76b9235b3,1371788774,Human_Scientists,female,7,1,0.375
7617,Long_pepper,Margaret_Sanger,False,6,4,2,2010,33.5,timeout,Propaganda,,0,04eadb922bb01a8c,1303661004,Political_People,female,2,1,
3186,Domestic_goat,Florence_Nightingale,False,17,3,14,901,15.016666666666667,restart,George_III_of_the_United_Kingdom,,0,79ec738215f409b9,1343562649,Human_Scientists,female,7,1,0.375
6559,Bedbug,Sun_Yat-sen,True,7,3,4,59,0.9833333333333333,,,1.0,0,0d57c8c57d75e2f5,1281878468,Political_People,male,9,1,
7009,IPod,Boudica,False,10,3,7,232,3.8666666666666667,restart,Italy,,0,62719c4028cc96ae,1298726943,Historical_figures,female,5,1,0.42857142857142855
6258,Crow,Kylie_Minogue,False,23,3,20,493,8.216666666666667,restart,<,,2,4d4b3e8b7b19bb3d,1346770802,Performers_and_composers,female,6,1,0.16666666666666666
2471,Christianity,John_Logie_Baird,True,5,3,2,107,1.7833333333333334,,,1.0,0,3ed0814b493e455c,1329890984,Engineers_and_inventors,male,4,1,1.0
7200,Llandudno,Britney_Spears,False,6,3,3,178,2.966666666666667,restart,American_popular_music,,0,096f07c347cb22ff,1299864994,Actors_models_and_celebrities,female,8,1,0.0
3562,The_Mismeasure_of_Man,Condoleezza_Rice,True,5,3,2,85,1.4166666666666667,,,3.0,0,37d1c13e2cdb9574,1249774957,Political_People,female,15,1,1.0
2472,Christianity,John_Logie_Baird,True,8,3,5,134,2.2333333333333334,,,,0,221fbacf705b37fa,1345040226,Engineers_and_inventors,male,4,1,1.0
6716,Philippines,Margaret_Thatcher,False,14,3,11,486,8.1,restart,Robinson_Crusoe,,3,7afdcb954e322b10,1366062885,Political_People,female,38,2,0.8
2500,Christianity,Natalie_Portman,False,4,3,1,1895,31.583333333333332,timeout,Israel,,0,7efb83877d787213,1359141535,Actors_models_and_celebrities,female,5,1,0.6666666666666666
3724,Seawater,Keira_Knightley,False,4,3,1,80,1.3333333333333333,restart,<,,1,278581093a1b3571,1362981611,Actors_models_and_celebrities,female,3,1,0.5
3359,Metamorphic_rock,Cleopatra_VII,True,9,3,6,274,4.566666666666666,,,,0,3bf0063214cbf2c9,1382772752,Historical_figures,female,17,1,1.0
7097,Sistine_Chapel_ceiling,J._K._Rowling,False,11,3,8,289,4.816666666666666,restart,University_of_Cambridge,,3,781fe1720d34b171,1375737582,Writers_and_critics,female,5,1,0.6
7006,Railway_post_office,Boudica,True,5,3,2,72,1.2,,,1.0,0,03ad271471c01256,1374067172,Historical_figures,female,5,1,0.42857142857142855
7712,Silver,Catherine_II_of_Russia,False,9,3,6,187,3.1166666666666667,restart,Crimean_War,,0,40b9690017afe191,1346170651,Historical_figures,female,9,1,0.0
3551,Johann_Sebastian_Bach,Condoleezza_Rice,True,7,3,4,118,1.9666666666666666,,,3.0,1,05cc7d6446e70b1f,1271626665,Political_People,female,15,1,1.0
7714,Anne_Frank,Catherine_II_of_Russia,False,10,3,7,279,4.65,restart,Vladimir_Lenin,,0,5399e2dd1247303c,1353916427,Historical_figures,female,9,1,0.0
7003,Chennai,Boudica,True,5,3,2,35,0.5833333333333334,,,3.0,0,206d199b21b57680,1310937574,Historical_figures,female,5,1,0.42857142857142855
7207,Margin_of_error,Britney_Spears,False,4,4,0,94,1.5666666666666667,restart,Compact_Disc,,0,4f85fe33624a5911,1308114420,Actors_models_and_celebrities,female,8,1,0.0
6572,North_Africa,Agamemnon,True,7,3,4,208,3.466666666666667,,,3.0,0,7fca1ad50f69e869,1249638060,Historical_figures,male,9,1,
3185,Buddhism,Florence_Nightingale,False,8,3,5,1959,32.65,timeout,<,,2,465c27152a2c8ede,1311977952,Human_Scientists,female,7,1,0.375
3183,Radio_telescope,Florence_Nightingale,True,6,3,3,142,2.3666666666666667,,,3.0,0,421a940b0205b86f,1368575904,Human_Scientists,female,7,1,0.375
3822,Cotopaxi,Alexander_the_Great,True,5,3,2,39,0.65,,,,0,0299542414c3f20a,1257975691,Military_People,male,78,4,1.0
4506,Dundee,Theodore_Roosevelt,False,4,3,1,250,4.166666666666667,restart,Nazi_Germany,,0,23e9898629635546,1298820377,USA_Presidents,male,48,3,
7203,Mini,Britney_Spears,False,7,4,3,1963,32.71666666666667,timeout,Television,,0,672cfdea1f649faf,1301014024,Actors_models_and_celebrities,female,8,1,0.0
5318,Battle_of_Gettysburg,Osama_bin_Laden,True,4,3,1,36,0.6,,,1.0,0,7d5624e35c9523ef,1347645042,Political_People,male,15,1,
4514,Badminton,Vincent_van_Gogh,True,4,3,1,72,1.2,,,2.0,0,52cb284706f6600f,1320336994,Artists,male,18,1,1.0
3552,History_of_slavery,Condoleezza_Rice,True,6,3,3,136,2.2666666666666666,,,1.0,1,0f140ac75509beb0,1352218482,Political_People,female,15,1,1.0
5747,Cancer,Mary_I_of_Scotland,True,8,3,5,118,1.9666666666666666,,,2.0,0,7034eb686c08a953,1249779080,Monarchs_of_Great_Britain,female,16,1,0.75
5474,Margaret_Sanger,Thomas_More,True,14,3,11,340,5.666666666666667,,,,4,354a30583946f557,1263703323,Religious_figures_and_leaders,male,16,1,
5057,Coconut_crab,Billie_Holiday,False,7,4,3,272,4.533333333333333,restart,Bob_Dylan,,0,122fb72746d43f18,1298771848,Performers_and_composers,female,9,1,
6074,Dunnock,Glynn_Lunney,True,6,4,2,226,3.7666666666666666,,,2.0,0,5cd27c1121d56f45,1248673296,Engineers_and_inventors,male,2,1,
2954,Human_rights,Anne_Frank,True,5,2,3,94,1.5666666666666667,,,,0,5faa6cea3e23e965,1260837993,Writers_and_critics,female,6,1,1.0
7222,Gas_metal_arc_welding,Britney_Spears,False,9,4,5,347,5.783333333333333,restart,Mississippi_River,,0,2ece38313612556e,1325741815,Actors_models_and_celebrities,female,8,1,0.0
5843,Henry_Morrison_Flagler,Virgil,True,15,3,12,1188,19.8,,,2.0,4,28904fbf154d6486,1266022872,Writers_and_critics,male,29,2,
6255,Nitrification,Kylie_Minogue,True,5,3,2,166,2.7666666666666666,,,2.0,0,6a4cd4070edfa3b9,1361313040,Performers_and_composers,female,6,1,0.16666666666666666
7172,Equatorial_Guinea,Pope_Pius_XII,True,5,3,2,98,1.6333333333333333,,,3.0,0,048344a31e6f171e,1249647088,Religious_figures_and_leaders,male,13,1,
2601,Music_of_Ireland,John_Adams,True,4,3,1,48,0.8,,,1.0,0,26ed752f07daa8b0,1265119844,USA_Presidents,male,26,2,
3356,Currency,Cleopatra_VII,True,4,3,1,170,2.8333333333333335,,,,0,0d57c8c57d75e2f5,1282854968,Historical_figures,female,17,1,1.0
3395,Taipei,Husein_Grada%C5%A1%C4%8Devi%C4%87,True,6,3,3,283,4.716666666666667,,,,0,1eac4e8c0f6ade9f,1348852550,Military_People,male,2,1,
7135,Poetry_of_the_United_States,Marco_Polo,False,4,3,1,1856,30.933333333333334,timeout,China,,0,68a08e9205b9beeb,1349711051,Geographers_and_explorers,male,21,1,0.0
5911,Human_rights,Leon_Trotsky,True,5,2,3,241,4.016666666666667,,,2.0,0,0db97e7f4016f588,1226131300,Political_People,male,17,1,1.0
6263,Kolkata,Kylie_Minogue,False,8,3,5,304,5.066666666666666,restart,Radio,,0,5ffd3f3935a8d0aa,1349143357,Performers_and_composers,female,6,1,0.16666666666666666
6709,Darfur_conflict,Margaret_Thatcher,True,7,2,5,98,1.6333333333333333,,,4.0,0,482972df0e234ce2,1260265943,Political_People,female,38,2,0.8
5906,South_Africa,Rowan_Williams,False,4,3,1,188,3.1333333333333333,restart,England,,0,1942301605c87974,1298678937,Religious_figures_and_leaders,male,9,1,
3820,Cotopaxi,Alexander_the_Great,True,5,3,2,86,1.4333333333333333,,,3.0,0,54c98eb64507584a,1249416209,Military_People,male,78,4,1.0
5420,Ramesses_II,Barbara_McClintock,True,6,3,3,145,2.4166666666666665,,,,0,473d6ac602c2b198,1314737721,Human_Scientists,female,6,1,0.6666666666666666
3725,Manchester,Henry_V_of_England,True,5,3,2,160,2.6666666666666665,,,3.0,0,0c013a70550e6011,1257344883,Monarchs_of_Great_Britain,male,20,1,
5416,Jesus,Barbara_McClintock,True,5,3,2,205,3.4166666666666665,,,,0,5694bcb53b92f5a9,1369541883,Human_Scientists,female,6,1,0.6666666666666666
5164,Pope_Pius_XII,Tim_Henman,True,7,4,3,94,1.5666666666666667,,,3.0,0,3b79bdb82b68f679,1249524581,Sports_and_games_people,male,4,1,
6685,Vitamin_D,Grover_Cleveland,True,5,3,2,54,0.9,,,,0,1c8b4b8b70326ed9,1322180616,USA_Presidents,male,16,1,
4517,J%C3%B3zef_Pi%C5%82sudski,Vincent_van_Gogh,True,5,3,2,220,3.6666666666666665,,,,0,4a7df23d69af668a,1348673911,Artists,male,18,1,1.0
6269,Mineral,Kylie_Minogue,False,7,3,4,206,3.433333333333333,restart,Trumpet,,0,28f3ee1209ef64ec,1357331803,Performers_and_composers,female,6,1,0.16666666666666666
5697,Windows_2000,Tiger_Woods,False,22,4,18,1128,18.8,restart,Cricket,,1,3ddb3c2643ad91d8,1374081428,Sports_and_games_people,male,3,1,0.0
3560,Nintendo,Condoleezza_Rice,True,4,3,1,73,1.2166666666666666,,,2.0,0,68c9826f016b0a60,1331574552,Political_People,female,15,1,1.0
5405,Hadrian%27s_Wall,Jocelin,True,4,3,1,78,1.3,,,2.0,0,6ff2a0c721d03528,1330115183,Religious_figures_and_leaders,male,1,1,
5673,Buddhism,Tiger_Woods,False,15,4,11,427,7.116666666666666,restart,Computer_and_video_games,,1,796fd16030dd9279,1366327072,Sports_and_games_people,male,3,1,0.0
1542,Cancer,J._M._W._Turner,True,24,3,21,610,10.166666666666666,,,4.0,9,53c51e5562579f3a,1350185450,Artists,male,12,1,0.5
4693,Spacecraft_propulsion,Helen,True,8,4,4,210,3.5,,,3.0,1,514b178d530ef2a0,1379280042,Historical_figures,female,7,1,1.0
2053,Ununoctium,Henry_IV_of_England,True,5,4,1,110,1.8333333333333333,,,2.0,0,1c27cc364095a0eb,1270257196,Monarchs_of_Great_Britain,male,19,1,1.0
7061,Borage,Elagabalus,True,5,3,2,72,1.2,,,3.0,0,0e64fafd3b7c3fcd,1232599605,Historical_figures,male,2,1,
6098,Tanzania,William_and_Mary,False,8,3,5,1040,17.333333333333332,restart,<,,2,6e49682d7d685066,1366814550,Monarchs_of_Great_Britain,female,8,1,0.6666666666666666
4223,Barbary_Lion,Stanley_Baldwin,True,12,4,8,144,2.4,,,1.0,3,2ddd27da77661289,1249407336,Political_People,male,9,1,
3319,Mechanical_work,Stephen_Harper,True,8,4,4,142,2.3666666666666667,,,4.0,0,2806715b30599fc8,1369088990,Political_People,male,9,1,
2605,Vasco_da_Gama,Roald_Amundsen,True,11,4,7,330,5.5,,,3.0,3,205e73f915252015,1249683885,Geographers_and_explorers,male,1,1,
7221,ZX_Spectrum,Britney_Spears,False,8,4,4,156,2.6,restart,Art,,1,2dc9699714a3013d,1323370001,Actors_models_and_celebrities,female,8,1,0.0
7088,Boundary_Waters_Canoe_Area_Wilderness,J._K._Rowling,True,6,3,3,182,3.033333333333333,,,1.0,1,4233bc813ab2ea35,1249912786,Writers_and_critics,female,5,1,0.6
3360,Vanilla,Cleopatra_VII,True,5,3,2,33,0.55,,,,0,5d8eeb905d66d909,1249603863,Historical_figures,female,17,1,1.0
7680,Mount_Everest,Celine_Dion,False,19,4,15,2478,41.3,timeout,Hip_hop_music,,2,5c78b0a12cb99b84,1356474602,Performers_and_composers,female,5,1,
1513,Sheffield,James_Monroe,True,4,3,1,64,1.0666666666666667,,,2.0,0,4b3d0bf213bf9148,1305509149,USA_Presidents,male,12,1,
206,String_theory,Francis_Bacon,True,9,3,6,272,4.533333333333333,,,4.0,0,203b01c1396cbf61,1248672777,Philosophers,male,16,1,1.0
6595,Silicon,Christopher_Wren,True,25,3,22,422,7.033333333333333,,,3.0,9,66c9795a6eab354f,1256669066,Engineers_and_inventors,male,17,1,
3181,Tooth_development,Florence_Nightingale,True,8,3,5,187,3.1166666666666667,,,,0,1715288a5392be3a,1360179943,Human_Scientists,female,7,1,0.375
5411,Djibouti,Robert_Boyle,True,5,3,2,339,5.65,,,3.0,0,67c0010662f301be,1383598925,Chemists,male,19,1,1.0
6664,2nd_century,Pel%C3%A9,True,13,3,10,530,8.833333333333334,,,,0,0e7b1fc61d85cc22,1343439603,Sports_and_games_people,male,10,1,1.0
2698,San_Francisco%2C_California,Andrew_Carnegie,False,3,3,0,129,2.15,restart,New_York_City,,0,5e1646e833469ddd,1320111212,Engineers_and_inventors,male,12,1,
3715,Love,Keira_Knightley,True,5,4,1,30,0.5,,,3.0,0,27bb85bf43c94394,1237445366,Actors_models_and_celebrities,female,3,1,0.5
6357,Lettuce,Marie_Curie,False,5,3,2,97,1.6166666666666667,restart,Frederick_Douglass,,0,4cde1bdb559d373f,1298783984,Chemists,female,10,1,0.4
2040,Love,Henry_IV_of_England,True,6,4,2,82,1.3666666666666667,,,,0,572574c64be25cda,1250111380,Monarchs_of_Great_Britain,male,19,1,1.0
6473,String_theory,Mary_II_of_England,True,6,3,3,154,2.566666666666667,,,2.0,0,18711b75742fa30a,1297645511,Monarchs_of_Great_Britain,female,22,1,1.0
7269,Antelope,Abel_Tasman,True,5,3,2,303,5.05,,,3.0,0,10a59c60104192c9,1261910562,Geographers_and_explorers,male,5,1,1.0
3182,Apollo_11,Florence_Nightingale,True,6,3,3,152,2.533333333333333,,,2.0,0,424a65e078091c25,1378018105,Human_Scientists,female,7,1,0.375
5109,Cotopaxi,Victoria_of_the_United_Kingdom,True,6,3,3,418,6.966666666666667,,,,0,7c87e79c251a272f,1265245054,Historical_figures,female,77,4,1.0
6296,Black-winged_Stilt,Bill_Gates,True,8,3,5,169,2.816666666666667,,,,0,7dab53a46711bc85,1382714967,Computing_People,male,15,1,1.0
4843,Johannesburg,Franklin_Pierce,True,5,3,2,67,1.1166666666666667,,,3.0,0,73faea4964adea85,1332711021,USA_Presidents,male,7,1,1.0
6091,Barn_Owl,William_and_Mary,True,9,3,6,203,3.3833333333333333,,,,0,64703dab79249086,1378360356,Monarchs_of_Great_Britain,female,8,1,0.6666666666666666
7720,Saltasaurus,Damon_Hill,False,7,3,4,1819,30.316666666666666,timeout,Cuba,,1,1a6e68ec52f90902,1359609696,Sports_and_games_people,male,5,1,
2314,Vanilla,Michael_Jordan,True,6,3,3,112,1.8666666666666667,,,,0,00216ef93a2a60bb,1372047249,Sports_and_games_people,male,6,1,1.0
4465,Telescope,Jane_Austen,True,5,3,2,83,1.3833333333333333,,,,0,77fb4ba00b2cd513,1268553332,Writers_and_critics,female,17,1,1.0
7460,Arctic,Bette_Davis,False,4,3,1,209,3.4833333333333334,restart,<,,1,56e8314208cb832d,1345231860,Actors_models_and_celebrities,female,7,1,0.5
2334,Stem_cell,Michael_Jordan,True,8,3,5,207,3.45,,,4.0,0,66b5718b081270c9,1377365025,Sports_and_games_people,male,6,1,1.0
5898,Great_Red_Spot,Reza_Shah,True,5,4,1,129,2.15,,,3.0,0,26f76e394525328e,1362192617,Military_People,male,2,1,
4473,Telescope,Qin_Shi_Huang,True,6,3,3,99,1.65,,,3.0,0,288281ad4fa47374,1250473661,Historical_figures,male,6,1,
5920,Ammosaurus,Leon_Trotsky,True,5,3,2,75,1.25,,,1.0,0,0b7b073e3e506a6e,1222912701,Political_People,male,17,1,1.0
5781,Obi-Wan_Kenobi,Columba,False,7,3,4,396,6.6,restart,Last_Supper,,0,5e424246557a50d8,1363367370,Religious_figures_and_leaders,male,13,1,
4844,Tamarind,Franklin_Pierce,True,5,4,1,62,1.0333333333333334,,,1.0,0,0fd1262420fe6503,1354397376,USA_Presidents,male,7,1,1.0
7344,Roman_villa,Joan_of_Arc,True,7,3,4,281,4.683333333333334,,,3.0,0,732cc1887459a9fb,1352146713,Military_People,female,7,1,0.25
5393,Yellow_fever,Pericles,True,4,3,1,76,1.2666666666666666,,,1.0,0,1c1e00511b717ca3,1248652649,Military_People,male,12,1,
7546,Anglican_Communion,Hannibal_Barca,False,36,3,33,4535,75.58333333333333,restart,Julius_Caesar,,16,68c9826f016b0a60,1331232912,Historical_figures,male,4,1,
7090,Nurse_sharks,J._K._Rowling,True,5,3,2,119,1.9833333333333334,,,3.0,0,4290bd974d5dcaea,1259372485,Writers_and_critics,female,5,1,0.6
113,Colley_Cibber,Alfred_Nobel,True,4,3,1,227,3.783333333333333,,,,0,01c813ca75e9acec,1249448234,Chemists,male,6,1,
6606,Darfur_conflict,Johann_Sebastian_Bach,True,8,2,6,90,1.5,,,2.0,0,182edbc251e34668,1254979660,Performers_and_composers,male,30,2,1.0
7270,Jakarta,Abel_Tasman,True,6,3,3,95,1.5833333333333333,,,2.0,0,7022ef601b2155ed,1359981719,Geographers_and_explorers,male,5,1,1.0
6705,Philippines,Margaret_Thatcher,True,7,3,4,379,6.316666666666666,,,2.0,0,0d57c8c57d75e2f5,1279762369,Political_People,female,38,2,0.8
4860,Walrus,Paul_C%C3%A9zanne,True,10,4,6,235,3.9166666666666665,,,,0,4fec412658d8c2a3,1355077704,Artists,male,12,1,
2834,Dominican_Republic,Wright_brothers,True,4,3,1,38,0.6333333333333333,,,,0,0d57c8c57d75e2f5,1293772204,Engineers_and_inventors,male,4,1,
5199,Planetary_habitability,George_Eliot,True,5,3,2,136,2.2666666666666666,,,,0,0d57c8c57d75e2f5,1285253011,Writers_and_critics,male,10,1,
4186,Long_pepper,William_Thomson%2C_1st_Baron_Kelvin,True,9,4,5,359,5.983333333333333,,,,0,1eac4e8c0f6ade9f,1348850890,Mathematicians,male,7,1,1.0
3372,Domestic_goat,John_Cabot,True,8,3,5,155,2.5833333333333335,,,4.0,1,15891d6b2a967e8a,1363827122,Geographers_and_explorers,male,8,1,
6256,Bedbug,Kylie_Minogue,False,3,3,0,36,0.6,restart,Society,,0,157f15ab3419dd9b,1302485402,Performers_and_composers,female,6,1,0.16666666666666666
1980,IPod,Carl_Jung,True,9,3,6,137,2.283333333333333,,,3.0,0,68e0adf43037d411,1335236033,Human_Scientists,male,14,1,1.0
1569,Crow,John_Millington_Synge,True,6,3,3,74,1.2333333333333334,,,,1,527b3edc5c828264,1315515240,Writers_and_critics,male,6,1,
2480,Christianity,Natalie_Portman,True,5,3,2,359,5.983333333333333,,,,0,0d57c8c57d75e2f5,1282914812,Actors_models_and_celebrities,female,5,1,0.6666666666666666
6408,Llandudno,John_Dee,True,25,3,22,963,16.05,,,4.0,10,5c724fe4564ea463,1369271054,Mathematicians,male,5,1,
4327,The_Mismeasure_of_Man,Leif_Ericson,False,6,3,3,27,0.45,restart,Earth,,0,1b0629af04943355,1358196683,Geographers_and_explorers,male,3,1,0.5
2479,Christianity,Natalie_Portman,True,6,3,3,116,1.9333333333333333,,,,0,598a3345576f1cb0,1249770699,Actors_models_and_celebrities,female,5,1,0.6666666666666666
1254,Philippines,Adam_Smith,True,8,3,5,180,3.0,,,3.0,0,53cc94da6ddef0cf,1252450802,Historical_figures,male,38,2,1.0
2470,Christianity,John_Logie_Baird,True,9,3,6,249,4.15,,,4.0,0,70ccdd8826c6aa0d,1304369386,Engineers_and_inventors,male,4,1,1.0
6814,Seawater,Otto_von_Bismarck,True,5,3,2,135,2.25,,,1.0,0,1fe48b522cc472a6,1250525739,Historical_figures,male,9,1,
7155,Metamorphic_rock,Marco_Polo,False,10,3,7,336,5.6,restart,Christopher_Columbus,,2,5d40f9e9136d2d7d,1378479074,Geographers_and_explorers,male,21,1,0.0
2333,Sistine_Chapel_ceiling,Michael_Jordan,True,5,3,2,129,2.15,,,,0,4f5fcfa6682d856e,1385002187,Sports_and_games_people,male,6,1,1.0
2203,Railway_post_office,David_Beckham,False,3,3,0,47,0.7833333333333333,restart,<,,1,108a5f7b0a2f72ad,1348707448,Sports_and_games_people,male,6,1,0.5
6667,Silver,Pel%C3%A9,True,4,3,1,48,0.8,,,,0,33d7eeb558a95b79,1351652326,Sports_and_games_people,male,10,1,1.0
6232,Johann_Sebastian_Bach,List_of_French_monarchs,False,5,3,2,1890,31.5,timeout,Napoleon_I_of_France,,0,35c7dcfb6fc12363,1387114339,Historical_figures,male,7,1,
1270,Anne_Frank,Louis_Jordan,True,6,3,3,78,1.3,,,3.0,0,0e8dd2e22f6651e5,1249758897,Performers_and_composers,male,6,1,
5688,Chennai,Tiger_Woods,False,5,3,2,1931,32.18333333333333,timeout,Football,,0,08ee87c13ffd56e1,1370298391,Sports_and_games_people,male,3,1,0.0
3306,Margin_of_error,Du_Fu,True,6,4,2,284,4.733333333333333,,,3.0,0,5118b7e27f4241eb,1383514903,Writers_and_critics,male,4,1,
7353,North_Africa,Joan_of_Arc,False,4,3,1,136,2.2666666666666666,restart,France,,0,30647a8546a0789e,1338500976,Military_People,female,7,1,0.25
2895,Buddhism,Alcibiades,True,6,3,3,157,2.6166666666666667,,,,0,7d29e9ab07e833d4,1272456871,Historical_figures,male,7,1,
7727,Radio_telescope,George_Byron%2C_6th_Baron_Byron,False,5,3,2,112,1.8666666666666667,restart,European_Union,,0,1fb750c560e0b925,1357670070,Writers_and_critics,male,5,1,
5108,Cotopaxi,Victoria_of_the_United_Kingdom,True,15,3,12,232,3.8666666666666667,,,2.0,0,0ad45d0d5143bf73,1259364925,Historical_figures,female,77,4,1.0
29,Dundee,Elizabeth_I_of_England,True,4,3,1,244,4.066666666666666,,,2.0,0,0ded1e040a8df44d,1248278863,Monarchs_of_Great_Britain,female,63,3,
95,Mini,William_McKinley,True,6,4,2,81,1.35,,,1.0,0,35d0e87c297ab1ec,1260764690,USA_Presidents,male,15,1,
