,name,category,gender,nr_link_out,nr_link_in,tot_target_count,unf_target_count,fin_target_count,succ_rate
95,Abel_Tasman,Geographers_and_explorers,male,14,5,8.0,1.0,7.0,0.875
105,Abraham_Lincoln,USA_Presidents,male,35,62,36.0,1.0,35.0,0.9722222222222222
129,Adam_Smith,Historical_figures,male,27,38,10.0,1.0,9.0,0.9
134,Adolf_Hitler,Political_People,male,78,109,644.0,41.0,603.0,0.9363354037267081
159,Agamemnon,Historical_figures,male,11,9,23.0,4.0,19.0,0.8260869565217391
170,Akbar,Historical_figures,male,16,11,1.0,1.0,,
172,Akhenaten,Historical_figures,male,12,5,5.0,,5.0,1.0
173,Akira_Kurosawa,Producers_directors_and_media_figures,male,12,3,9.0,5.0,4.0,0.4444444444444444
180,Alan_Turing,Mathematicians,male,22,11,14.0,8.0,6.0,0.42857142857142855
184,Albert_Einstein,Astronomers_and_physicists,male,87,89,52.0,4.0,48.0,0.9230769230769231
185,Alberto_Santos-Dumont,Engineers_and_inventors,male,24,4,2.0,2.0,,
190,Albrecht_D%C3%BCrer,Mathematicians,male,28,14,2.0,2.0,,
194,Alcibiades,Historical_figures,male,12,7,7.0,2.0,5.0,0.7142857142857143
196,Aleksandr_Pushkin,Writers_and_critics,male,12,10,9.0,1.0,8.0,0.8888888888888888
197,Aleksandr_Vasilevsky,Military_People,male,10,3,1.0,1.0,,
199,Alexander_Graham_Bell,Engineers_and_inventors,male,19,8,15.0,5.0,10.0,0.6666666666666666
200,Alexander_Hamilton,Historical_figures,male,23,23,10.0,,10.0,1.0
201,Alexander_the_Great,Military_People,male,56,78,27.0,3.0,24.0,0.8888888888888888
202,Alfred_Hitchcock,Producers_directors_and_media_figures,male,23,15,11.0,4.0,7.0,0.6363636363636364
203,Alfred_Nobel,Chemists,male,15,6,16.0,3.0,13.0,0.8125
205,Alfred_the_Great,Military_People,male,29,21,10.0,2.0,8.0,0.8
206,Alfred_the_Great,Monarchs_of_Great_Britain,male,29,21,10.0,2.0,8.0,0.8
270,Andr%C3%A9s_Nocioni,Sports_and_games_people,male,11,1,,,,
271,Andrew_Carnegie,Engineers_and_inventors,male,41,12,18.0,14.0,4.0,0.2222222222222222
272,Andrew_Dickson_White,Political_People,male,11,2,1.0,1.0,,
274,Andrew_Jackson,USA_Presidents,male,16,22,15.0,2.0,13.0,0.8666666666666667
275,Andrew_Johnson,USA_Presidents,male,8,16,10.0,1.0,9.0,0.9
276,Andrew_Robinson,Actors_models_and_celebrities,male,13,1,18.0,14.0,4.0,0.2222222222222222
279,Andy_Warhol,Artists,male,11,16,19.0,1.0,18.0,0.9473684210526315
302,Anne_Frank,Writers_and_critics,female,44,6,46.0,5.0,41.0,0.8913043478260869
304,Anne_of_Great_Britain,Monarchs_of_Great_Britain,female,32,29,12.0,,12.0,1.0
317,Anthony_van_Dyck,Artists,male,18,7,5.0,1.0,4.0,0.8
323,Antoine_Lavoisier,Chemists,male,26,17,1.0,1.0,,
324,Anton%C3%ADn_Dvo%C5%99%C3%A1k,Performers_and_composers,male,21,7,1.0,1.0,,
326,Antonio_Vivaldi,Performers_and_composers,male,19,11,13.0,8.0,5.0,0.38461538461538464
351,Archbishop_of_Canterbury,Religious_figures_and_leaders,male,26,70,13.0,1.0,12.0,0.9230769230769231
352,Archimedes,Mathematicians,male,22,13,12.0,3.0,9.0,0.75
367,Ariel_Sharon,Political_People,male,28,8,9.0,,9.0,1.0
369,Aristotle,Philosophers,male,37,105,35.0,4.0,31.0,0.8857142857142857
372,Armand_Jean_du_Plessis%2C_Cardinal_Richelieu,Historical_figures,male,26,2,1.0,1.0,,
375,Armia_Krajowa,Political_People,male,14,7,,,,
376,Arnold_Schwarzenegger,Producers_directors_and_media_figures,male,18,10,27.0,3.0,24.0,0.8888888888888888
383,Arthur_Ernest_Percival,Military_People,male,32,1,,,,
385,Arthur_Sullivan,Writers_and_critics,male,24,6,,,,
388,Arthur_Wellesley%2C_1st_Duke_of_Wellington,Military_People,male,43,24,5.0,1.0,4.0,0.8
408,Athanasius_Kircher,Human_Scientists,male,51,3,1.0,1.0,,
422,Attalus_I,Historical_figures,male,12,2,1.0,1.0,,
424,Attila_the_Hun,Historical_figures,male,35,15,30.0,8.0,22.0,0.7333333333333333
425,Attila_the_Hun,Military_People,male,35,15,30.0,8.0,22.0,0.7333333333333333
428,Augusta%2C_Lady_Gregory,Writers_and_critics,female,23,1,,,,
430,Auguste_Rodin,Artists,male,16,8,7.0,2.0,5.0,0.7142857142857143
431,Augustine_of_Hippo,Religious_figures_and_leaders,male,21,42,7.0,,7.0,1.0
432,Augustus,Historical_figures,male,14,39,12.0,1.0,11.0,0.9166666666666666
462,Ayaan_Hirsi_Ali,Political_People,male,31,4,1.0,1.0,,
464,Aymer_de_Valence%2C_2nd_Earl_of_Pembroke,Historical_figures,male,14,1,2.0,2.0,,
477,Babe_Ruth,Sports_and_games_people,male,8,8,22.0,,22.0,1.0
480,Babur,Historical_figures,male,15,11,7.0,2.0,5.0,0.7142857142857143
509,Banksy,Artists,male,11,1,,,,
511,Barack_Obama,Political_People,male,48,1,18.0,18.0,,
514,Barbara_McClintock,Human_Scientists,female,12,6,9.0,4.0,5.0,0.5555555555555556
525,Baruch_Spinoza,Philosophers,male,38,17,5.0,,5.0,1.0
609,Ben_Jonson,Writers_and_critics,male,19,14,8.0,,8.0,1.0
614,Benito_Mussolini,Political_People,male,42,22,23.0,,23.0,1.0
616,Benjamin_Britten,Performers_and_composers,male,9,14,6.0,2.0,4.0,0.6666666666666666
619,Benjamin_Disraeli%2C_1st_Earl_of_Beaconsfield,Political_People,male,21,22,,,,
620,Benjamin_Franklin,Astronomers_and_physicists,male,29,32,36.0,4.0,32.0,0.8888888888888888
621,Benjamin_Franklin,Historical_figures,male,29,32,36.0,4.0,32.0,0.8888888888888888
622,Benjamin_Harrison,USA_Presidents,male,20,14,9.0,,9.0,1.0
634,Bernard_Hinault,Sports_and_games_people,male,5,4,,,,
635,Bertrand_Russell,Philosophers,male,69,30,10.0,1.0,9.0,0.9
638,Bette_Davis,Actors_models_and_celebrities,female,23,7,12.0,6.0,6.0,0.5
645,Bill_Clinton,Political_People,male,67,64,59.0,4.0,55.0,0.9322033898305084
646,Bill_Gates,Computing_People,male,26,15,45.0,8.0,37.0,0.8222222222222222
647,Billie_Holiday,Performers_and_composers,female,8,9,8.0,2.0,6.0,0.75
670,Bj%C3%B6rn_Borg,Sports_and_games_people,male,25,7,6.0,,6.0,1.0
691,Blaise_Pascal,Mathematicians,male,25,23,7.0,,7.0,1.0
707,Bob_Dylan,Performers_and_composers,male,44,33,18.0,1.0,17.0,0.9444444444444444
708,Bob_Marley,Performers_and_composers,male,27,6,21.0,8.0,13.0,0.6190476190476191
732,Boris_Becker,Sports_and_games_people,male,36,9,2.0,2.0,,
745,Boudica,Historical_figures,female,22,5,11.0,6.0,5.0,0.45454545454545453
760,Brandon_Routh,Actors_models_and_celebrities,male,11,1,,,,
767,Breaker_Morant,Historical_figures,male,14,1,5.0,,5.0,1.0
787,Britney_Spears,Actors_models_and_celebrities,female,27,8,50.0,46.0,4.0,0.08
791,Brothers_Grimm,Writers_and_critics,male,6,8,10.0,1.0,9.0,0.9
793,Bruce_Lee,Actors_models_and_celebrities,male,21,1,,,,
794,Bruce_Springsteen,Performers_and_composers,male,27,5,18.0,5.0,13.0,0.7222222222222222
804,Buckminster_Fuller,Engineers_and_inventors,male,11,3,6.0,2.0,4.0,0.6666666666666666
806,Buddha,Religious_figures_and_leaders,male,10,46,36.0,3.0,33.0,0.9166666666666666
825,C%C3%A6dmon,Writers_and_critics,male,12,4,1.0,1.0,,
828,C._S._Lewis,Writers_and_critics,male,40,9,7.0,3.0,4.0,0.5714285714285714
837,Cai_Lun,Engineers_and_inventors,male,5,2,,,,
850,Calvin_Coolidge,USA_Presidents,male,19,13,5.0,,5.0,1.0
871,Canaletto,Artists,male,2,5,,,,
879,Canute_the_Great,Monarchs_of_Great_Britain,male,23,18,4.0,,4.0,1.0
894,Caratacus,Historical_figures,male,7,1,,,,
895,Caravaggio,Artists,male,16,8,2.0,2.0,,
903,Carl_Friedrich_Gauss,Mathematicians,male,20,17,7.0,1.0,6.0,0.8571428571428571
905,Carl_Jung,Human_Scientists,male,29,14,26.0,4.0,22.0,0.8461538461538461
906,Carl_Lewis,Sports_and_games_people,male,18,3,3.0,3.0,,
907,Carl_Sagan,Astronomers_and_physicists,male,46,13,2.0,2.0,,
912,Carolus_Linnaeus,Human_Scientists,male,23,218,4.0,,4.0,1.0
924,Cat_Stevens,Performers_and_composers,male,29,1,2.0,2.0,,
929,Catherine_II_of_Russia,Historical_figures,female,24,9,3.0,3.0,,
939,Celine_Dion,Performers_and_composers,female,29,5,4.0,4.0,,
960,Charlemagne,Historical_figures,male,49,57,10.0,,10.0,1.0
961,Charles_Babbage,Computing_People,male,16,10,8.0,1.0,7.0,0.875
962,Charles_Darwin,Human_Scientists,male,56,56,20.0,5.0,15.0,0.75
963,Charles_Dickens,Writers_and_critics,male,24,38,18.0,2.0,16.0,0.8888888888888888
964,Charles_Etienne_Brasseur_de_Bourbourg,Writers_and_critics,male,20,4,1.0,1.0,,
966,Charles_II_of_England,Monarchs_of_Great_Britain,male,49,72,7.0,2.0,5.0,0.7142857142857143
968,Charles_I_of_England,Monarchs_of_Great_Britain,male,41,64,21.0,2.0,19.0,0.9047619047619048
969,Charles_Sumner,Historical_figures,male,13,5,4.0,,4.0,1.0
970,Charles_V%2C_Holy_Roman_Emperor,Historical_figures,male,26,43,15.0,3.0,12.0,0.8
971,Charlie_Chaplin,Actors_models_and_celebrities,male,31,10,33.0,6.0,27.0,0.8181818181818182
974,Che_Guevara,Historical_figures,male,58,10,18.0,2.0,16.0,0.8888888888888888
986,Chester_A._Arthur,USA_Presidents,male,18,7,15.0,,15.0,1.0
1016,Chris_Evert,Sports_and_games_people,male,15,6,6.0,,6.0,1.0
1017,Christian_Bale,Actors_models_and_celebrities,male,22,4,5.0,5.0,,
1021,Christina_Aguilera,Performers_and_composers,female,34,5,15.0,8.0,7.0,0.4666666666666667
1025,Christopher_Columbus,Geographers_and_explorers,male,41,68,16.0,1.0,15.0,0.9375
1027,Christopher_Wren,Engineers_and_inventors,male,35,17,10.0,4.0,6.0,0.6
1049,Claude_L%C3%A9vi-Strauss,Human_Scientists,male,13,5,,,,
1050,Claude_Monet,Artists,male,12,12,1.0,,1.0,1.0
1051,Claudius,Historical_figures,male,13,16,14.0,3.0,11.0,0.7857142857142857
1053,Cleopatra_VII,Historical_figures,female,18,17,15.0,2.0,13.0,0.8666666666666667
1088,Colley_Cibber,Writers_and_critics,male,14,7,,,,
1099,Columba,Religious_figures_and_leaders,male,10,13,7.0,2.0,5.0,0.7142857142857143
1138,Condoleezza_Rice,Political_People,female,91,15,22.0,,22.0,1.0
1141,Confucius,Philosophers,male,19,27,30.0,2.0,28.0,0.9333333333333333
1144,Constantine_I,Historical_figures,male,31,11,,,,
1256,Cyrus_K._Holliday,Political_People,male,6,1,,,,
1257,Cyrus_the_Great,Historical_figures,male,23,8,,,,
1275,Damon_Hill,Sports_and_games_people,male,12,5,2.0,2.0,,
1278,Daniel_Day-Lewis,Actors_models_and_celebrities,male,9,2,2.0,2.0,,
1279,Daniel_Ellsberg,Political_People,male,14,1,,,,
1282,Dante_Alighieri,Writers_and_critics,male,15,40,8.0,1.0,7.0,0.875
1292,David_Attenborough,Producers_directors_and_media_figures,male,36,3,3.0,3.0,,
1293,David_Beckham,Sports_and_games_people,male,21,6,32.0,9.0,23.0,0.71875
1295,David_Cameron,Political_People,male,58,7,2.0,2.0,,
1299,David_Hilbert,Mathematicians,male,13,12,6.0,1.0,5.0,0.8333333333333334
1300,David_Hume,Philosophers,male,36,32,4.0,,4.0,1.0
1303,David_Livingstone,Geographers_and_explorers,male,18,12,5.0,,5.0,1.0
1325,Demosthenes,Historical_figures,male,31,7,7.0,2.0,5.0,0.7142857142857143
1326,Denis_Law,Sports_and_games_people,male,9,1,11.0,2.0,9.0,0.8181818181818182
1329,Dennis_Ritchie,Computing_People,male,8,2,5.0,,5.0,1.0
1335,Desmond_Tutu,Religious_figures_and_leaders,male,29,10,8.0,1.0,7.0,0.875
1344,Diane_Keaton,Actors_models_and_celebrities,female,12,2,18.0,14.0,4.0,0.2222222222222222
1348,Diego_Maradona,Sports_and_games_people,male,19,5,16.0,,16.0,1.0
1349,Diego_Vel%C3%A1zquez,Artists,male,37,9,,,,
1366,Dmitri_Mendeleev,Chemists,male,22,9,14.0,2.0,12.0,0.8571428571428571
1381,Donald_Bradman,Sports_and_games_people,male,15,4,9.0,4.0,5.0,0.5555555555555556
1383,Donald_Knuth,Computing_People,male,10,3,8.0,3.0,5.0,0.625
1388,Douglas_Adams,Writers_and_critics,male,29,15,10.0,5.0,5.0,0.5
1393,Dr._Seuss,Writers_and_critics,male,18,3,19.0,5.0,14.0,0.7368421052631579
1405,Du_Fu,Writers_and_critics,male,27,4,6.0,1.0,5.0,0.8333333333333334
1422,Dwight_D._Eisenhower,USA_Presidents,male,41,37,10.0,,10.0,1.0
1425,E._E._Cummings,Writers_and_critics,male,21,7,9.0,3.0,6.0,0.6666666666666666
1433,Earl_of_Shaftesbury,Political_People,male,4,3,,,,
1462,Edgar_Allan_Poe,Writers_and_critics,male,50,19,18.0,4.0,14.0,0.7777777777777778
1466,Edmond_Halley,Mathematicians,male,20,10,4.0,,4.0,1.0
1469,Edmund_Burke,Political_People,male,42,15,4.0,,4.0,1.0
1470,Edmund_Hillary,Geographers_and_explorers,male,14,4,6.0,1.0,5.0,0.8333333333333334
1477,Edward_II_of_England,Monarchs_of_Great_Britain,male,12,13,17.0,2.0,15.0,0.8823529411764706
1479,Edward_IV_of_England,Monarchs_of_Great_Britain,male,17,16,11.0,2.0,9.0,0.8181818181818182
1481,Edward_I_of_England,Monarchs_of_Great_Britain,male,22,31,14.0,2.0,12.0,0.8571428571428571
1482,Edward_Jenner,Human_Scientists,male,4,5,7.0,2.0,5.0,0.7142857142857143
1483,Edward_Teller,Astronomers_and_physicists,male,32,8,8.0,3.0,5.0,0.625
1485,Edward_VIII_of_the_United_Kingdom,Monarchs_of_Great_Britain,male,40,15,13.0,2.0,11.0,0.8461538461538461
1487,Edward_VII_of_the_United_Kingdom,Monarchs_of_Great_Britain,male,48,31,13.0,2.0,11.0,0.8461538461538461
1491,Edward_the_Confessor,Monarchs_of_Great_Britain,male,18,25,14.0,6.0,8.0,0.5714285714285714
1492,Edward_the_Confessor,Religious_figures_and_leaders,male,18,25,14.0,6.0,8.0,0.5714285714285714
1494,Edwin_of_Northumbria,Historical_figures,male,14,7,1.0,1.0,,
1505,Eilmer_of_Malmesbury,Historical_figures,male,4,2,1.0,1.0,,
1509,El_Lissitzky,Artists,male,38,2,,,,
1514,Elagabalus,Historical_figures,male,10,2,9.0,,9.0,1.0
1535,Elias_Ashmole,Historical_figures,male,16,1,,,,
1538,Elizabeth_Fry,Political_People,female,12,2,,,,
1540,Elizabeth_II_of_the_United_Kingdom,Political_People,female,100,131,17.0,1.0,16.0,0.9411764705882353
1541,Elizabeth_I_of_England,Monarchs_of_Great_Britain,female,54,63,24.0,4.0,20.0,0.8333333333333334
1543,Elvis_Presley,Performers_and_composers,male,49,29,31.0,5.0,26.0,0.8387096774193549
1545,Emanuel_Swedenborg,Philosophers,male,28,5,10.0,7.0,3.0,0.3
1574,Epaminondas,Military_People,male,7,3,,,,
1583,Eric_Clapton,Performers_and_composers,male,34,8,7.0,2.0,5.0,0.7142857142857143
1588,Ernest_Hemingway,Writers_and_critics,male,42,22,10.0,3.0,7.0,0.7
1590,Ernest_Rutherford,Engineers_and_inventors,male,20,14,16.0,4.0,12.0,0.75
1606,Euclid,Mathematicians,male,11,29,11.0,3.0,8.0,0.7272727272727273
1627,Eva_Per%C3%B3n,Political_People,female,38,3,1.0,1.0,,
1645,Ezra_Pound,Writers_and_critics,male,32,23,4.0,4.0,,
1676,Felice_Beato,Artists,male,27,1,,,,
1677,Felix_Mendelssohn,Performers_and_composers,male,25,16,5.0,1.0,4.0,0.8
1682,Ferdinand_Magellan,Geographers_and_explorers,male,35,15,6.0,1.0,5.0,0.8333333333333334
1693,Fidel_Castro,Political_People,male,46,23,44.0,5.0,39.0,0.8863636363636364
1734,Florence_Nightingale,Human_Scientists,female,26,7,17.0,12.0,5.0,0.29411764705882354
1770,Fr%C3%A9d%C3%A9ric_Chopin,Performers_and_composers,male,34,11,8.0,2.0,6.0,0.75
1776,Francis_Bacon,Philosophers,male,21,16,12.0,1.0,11.0,0.9166666666666666
1778,Francis_Crick,Human_Scientists,male,31,11,,,,
1780,Francis_Drake,Historical_figures,male,20,10,6.0,,6.0,1.0
1782,Francis_of_Assisi,Religious_figures_and_leaders,male,17,9,1.0,1.0,,
1783,Francisco_Goya,Artists,male,12,7,1.0,1.0,,
1789,Franklin_D._Roosevelt,USA_Presidents,male,72,60,35.0,3.0,32.0,0.9142857142857143
1790,Franklin_Pierce,USA_Presidents,male,22,7,8.0,,8.0,1.0
1792,Franz_Kafka,Writers_and_critics,male,26,15,9.0,3.0,6.0,0.6666666666666666
1793,Franz_Schubert,Performers_and_composers,male,13,12,21.0,,21.0,1.0
1794,Frederick_Douglass,Political_People,male,27,6,8.0,,8.0,1.0
1796,Frederick_II%2C_Holy_Roman_Emperor,Historical_figures,male,23,10,5.0,1.0,4.0,0.8
1797,Frederick_II_of_Prussia,Historical_figures,male,35,8,11.0,7.0,4.0,0.36363636363636365
1808,Friedrich_Nietzsche,Philosophers,male,49,27,11.0,1.0,10.0,0.9090909090909091
1820,Fyodor_Dostoevsky,Writers_and_critics,male,26,18,6.0,2.0,4.0,0.6666666666666666
1837,Galileo_Galilei,Astronomers_and_physicists,male,48,45,36.0,6.0,30.0,0.8333333333333334
1838,Galileo_Galilei,Engineers_and_inventors,male,48,45,36.0,6.0,30.0,0.8333333333333334
1860,Gautama_Buddha,Religious_figures_and_leaders,male,18,23,12.0,,12.0,1.0
1870,Genghis_Khan,Historical_figures,male,58,25,32.0,3.0,29.0,0.90625
1882,Georg_Cantor,Mathematicians,male,22,12,1.0,1.0,,
1886,George_Byron%2C_6th_Baron_Byron,Writers_and_critics,male,45,5,1.0,1.0,,
1887,George_Eliot,Writers_and_critics,male,14,10,7.0,2.0,5.0,0.7142857142857143
1888,George_Fox,Religious_figures_and_leaders,male,27,3,10.0,6.0,4.0,0.4
1889,George_H._W._Bush,USA_Presidents,male,46,32,62.0,6.0,56.0,0.9032258064516129
1891,George_Herbert,Writers_and_critics,male,14,2,,,,
1893,George_III_of_the_United_Kingdom,Monarchs_of_Great_Britain,male,53,39,7.0,1.0,6.0,0.8571428571428571
1894,George_II_of_Great_Britain,Monarchs_of_Great_Britain,male,24,13,12.0,1.0,11.0,0.9166666666666666
1896,George_IV_of_the_United_Kingdom,Monarchs_of_Great_Britain,male,39,21,17.0,3.0,14.0,0.8235294117647058
1898,George_I_of_Great_Britain,Monarchs_of_Great_Britain,male,30,17,8.0,2.0,6.0,0.75
1901,George_VI_of_the_United_Kingdom,Monarchs_of_Great_Britain,male,39,23,14.0,2.0,12.0,0.8571428571428571
1903,George_V_of_the_United_Kingdom,Monarchs_of_Great_Britain,male,43,33,12.0,2.0,10.0,0.8333333333333334
1904,George_W._Bush,USA_Presidents,male,84,114,96.0,1.0,95.0,0.9895833333333334
1905,George_Washington,USA_Presidents,male,21,54,35.0,1.0,34.0,0.9714285714285714
1909,Gerald_Durrell,Writers_and_critics,male,45,6,2.0,2.0,,
1910,Gerald_Ford,USA_Presidents,male,44,24,12.0,1.0,11.0,0.9166666666666666
1929,Gilles_Villeneuve,Sports_and_games_people,male,5,1,1.0,1.0,,
1931,Giuseppe_Verdi,Performers_and_composers,male,26,9,10.0,2.0,8.0,0.8
1958,Glynn_Lunney,Engineers_and_inventors,male,11,2,7.0,1.0,6.0,0.8571428571428571
1974,Gordon_Brown,Political_People,male,19,12,15.0,3.0,12.0,0.8
1979,Gottfried_Leibniz,Mathematicians,male,92,35,5.0,1.0,4.0,0.8
2034,Greg_LeMond,Sports_and_games_people,male,8,3,1.0,1.0,,
2035,Gregor_Mendel,Human_Scientists,male,12,17,13.0,1.0,12.0,0.9230769230769231
2042,Grover_Cleveland,USA_Presidents,male,31,16,10.0,,10.0,1.0
2051,Guglielmo_Marconi,Engineers_and_inventors,male,21,9,6.0,2.0,4.0,0.6666666666666666
2063,Gustav_Holst,Performers_and_composers,male,36,3,,,,
2064,Gustavus_Franklin_Swift,Engineers_and_inventors,male,31,2,1.0,1.0,,
2070,H.D.,Writers_and_critics,female,29,6,10.0,6.0,4.0,0.4
2099,Hannibal_Barca,Historical_figures,male,21,4,31.0,30.0,1.0,0.03225806451612903
2107,Harold_Macmillan,Political_People,male,35,17,5.0,,5.0,1.0
2108,Harold_Wilson,Political_People,male,27,19,,,,
2111,Harry_S._Truman,USA_Presidents,male,50,35,30.0,,30.0,1.0
2113,Hasekura_Tsunenaga,Historical_figures,male,28,3,5.0,,5.0,1.0
2115,Hatshepsut,Historical_figures,female,9,4,11.0,3.0,8.0,0.7272727272727273
2130,Helen,Historical_figures,female,13,7,14.0,2.0,12.0,0.8571428571428571
2131,Helen_Gandy,Historical_figures,female,8,1,,,,
2141,Henri_Matisse,Artists,male,11,6,6.0,2.0,4.0,0.6666666666666666
2143,Henrik_Ibsen,Writers_and_critics,male,11,15,9.0,2.0,7.0,0.7777777777777778
2144,Henry_David_Thoreau,Philosophers,male,22,10,12.0,2.0,10.0,0.8333333333333334
2145,Henry_Fonda,Actors_models_and_celebrities,male,18,9,,,,
2146,Henry_Ford,Engineers_and_inventors,male,11,10,11.0,2.0,9.0,0.8181818181818182
2147,Henry_H._Rogers,Historical_figures,male,25,6,20.0,17.0,3.0,0.15
2149,Henry_III_of_England,Monarchs_of_Great_Britain,male,13,19,16.0,3.0,13.0,0.8125
2151,Henry_II_of_England,Monarchs_of_Great_Britain,male,16,32,17.0,1.0,16.0,0.9411764705882353
2153,Henry_IV_of_England,Monarchs_of_Great_Britain,male,17,19,27.0,6.0,21.0,0.7777777777777778
2155,Henry_I_of_England,Monarchs_of_Great_Britain,male,16,19,25.0,3.0,22.0,0.88
2156,Henry_James,Writers_and_critics,male,41,14,2.0,2.0,,
2157,Henry_Moore,Artists,male,21,5,1.0,1.0,,
2158,Henry_Morrison_Flagler,Engineers_and_inventors,male,17,2,,,,
2159,Henry_Morton_Stanley,Geographers_and_explorers,male,14,9,,,,
2160,Henry_Purcell,Performers_and_composers,male,14,15,8.0,,8.0,1.0
2161,Henry_Rollins,Actors_models_and_celebrities,male,2,1,2.0,2.0,,
2162,Henry_VIII_of_England,Monarchs_of_Great_Britain,male,50,74,13.0,3.0,10.0,0.7692307692307693
2165,Henry_VII_of_England,Monarchs_of_Great_Britain,male,22,30,12.0,1.0,11.0,0.9166666666666666
2167,Henry_VI_of_England,Monarchs_of_Great_Britain,male,19,13,17.0,1.0,16.0,0.9411764705882353
2169,Henry_V_of_England,Monarchs_of_Great_Britain,male,16,20,13.0,2.0,11.0,0.8461538461538461
2175,Heraclius,Historical_figures,male,11,10,7.0,1.0,6.0,0.8571428571428571
2177,Herbert_Hoover,USA_Presidents,male,33,23,13.0,1.0,12.0,0.9230769230769231
2181,Hern%C3%A1n_Cort%C3%A9s,Historical_figures,male,14,16,6.0,2.0,4.0,0.6666666666666666
2192,Hilda_of_Whitby,Religious_figures_and_leaders,female,16,2,2.0,2.0,,
2198,Hippocrates,Human_Scientists,male,19,21,29.0,4.0,25.0,0.8620689655172413
2201,Hirohito,Political_People,male,26,7,10.0,1.0,9.0,0.9
2253,Ho_Chi_Minh,Political_People,male,28,8,17.0,1.0,16.0,0.9411764705882353
2259,Homer,Writers_and_critics,male,23,56,19.0,1.0,18.0,0.9473684210526315
2270,Horatio_Nelson%2C_1st_Viscount_Nelson,Military_People,male,42,11,,,,
2292,Hugo_Wolf,Performers_and_composers,male,8,2,,,,
2303,Humphry_Davy,Chemists,male,28,22,4.0,,4.0,1.0
2332,Husein_Grada%C5%A1%C4%8Devi%C4%87,Military_People,male,18,2,10.0,6.0,4.0,0.4
2349,Ibn_Battuta,Religious_figures_and_leaders,male,40,8,8.0,3.0,5.0,0.625
2362,Igor_Stravinsky,Performers_and_composers,male,33,20,12.0,,12.0,1.0
2364,Ike_Altgens,Historical_figures,male,9,1,7.0,,7.0,1.0
2366,Immanuel_Kant,Philosophers,male,30,43,10.0,1.0,9.0,0.9
2382,Indira_Gandhi,Political_People,female,16,12,9.0,,9.0,1.0
2448,Isaac,Religious_figures_and_leaders,male,11,10,18.0,4.0,14.0,0.7777777777777778
2449,Isaac_Asimov,Writers_and_critics,male,35,16,2.0,2.0,,
2450,Isaac_Brock,Military_People,male,23,3,27.0,23.0,4.0,0.14814814814814814
2451,Isaac_Newton,Astronomers_and_physicists,male,56,80,28.0,5.0,23.0,0.8214285714285714
2452,Isambard_Kingdom_Brunel,Engineers_and_inventors,male,25,15,4.0,,4.0,1.0
2472,Ivan_IV_of_Russia,Historical_figures,male,10,5,3.0,3.0,,
2476,J%C3%B3zef_Pi%C5%82sudski,Historical_figures,male,46,9,,,,
2478,J._J._Thomson,Engineers_and_inventors,male,12,3,6.0,1.0,5.0,0.8333333333333334
2479,J._K._Rowling,Writers_and_critics,female,29,5,16.0,7.0,9.0,0.5625
2480,J._M._W._Turner,Artists,male,18,12,8.0,4.0,4.0,0.5
2481,J._R._R._Tolkien,Writers_and_critics,male,56,15,26.0,8.0,18.0,0.6923076923076923
2483,Jack_Kerouac,Writers_and_critics,male,21,12,1.0,1.0,,
2487,Jackie_Robinson,Sports_and_games_people,male,7,5,9.0,,9.0,1.0
2490,Jacques-Louis_David,Artists,male,18,10,2.0,2.0,,
2491,Jacques_Cartier,Geographers_and_explorers,male,8,4,,,,
2493,Jake_Gyllenhaal,Actors_models_and_celebrities,male,21,3,1.0,1.0,,
2497,James_Buchanan,USA_Presidents,male,22,12,7.0,1.0,6.0,0.8571428571428571
2498,James_Callaghan,Political_People,male,32,10,6.0,,6.0,1.0
2499,James_Clerk_Maxwell,Astronomers_and_physicists,male,27,27,4.0,,4.0,1.0
2500,James_Cook,Geographers_and_explorers,male,47,29,6.0,1.0,5.0,0.8333333333333334
2501,James_D._Watson,Human_Scientists,male,16,7,8.0,,8.0,1.0
2502,James_Garfield,Political_People,male,18,5,18.0,6.0,12.0,0.6666666666666666
2503,James_Garfield,USA_Presidents,male,18,5,18.0,6.0,12.0,0.6666666666666666
2505,James_II_of_England,Monarchs_of_Great_Britain,male,38,43,20.0,2.0,18.0,0.9
2507,James_I_of_England,Monarchs_of_Great_Britain,male,33,49,11.0,1.0,10.0,0.9090909090909091
2508,James_Joyce,Writers_and_critics,male,36,31,5.0,,5.0,1.0
2509,James_K._Polk,USA_Presidents,male,25,16,21.0,2.0,19.0,0.9047619047619048
2510,James_Lovelock,Writers_and_critics,male,19,3,,,,
2511,James_Monroe,USA_Presidents,male,19,12,17.0,1.0,16.0,0.9411764705882353
2512,James_Stewart_%28actor%29,Actors_models_and_celebrities,male,22,5,8.0,4.0,4.0,0.5
2514,James_Watt,Astronomers_and_physicists,male,15,7,10.0,,10.0,1.0
2515,James_Watt,Engineers_and_inventors,male,15,7,10.0,,10.0,1.0
2517,Jane_Austen,Writers_and_critics,female,23,17,8.0,,8.0,1.0
2519,Jane_Fonda,Actors_models_and_celebrities,female,25,8,2.0,2.0,,
2528,Jean-Jacques_Rousseau,Philosophers,male,30,34,10.0,2.0,8.0,0.8
2531,Jerry_Fodor,Philosophers,male,7,5,,,,
2535,Jesse_Owens,Sports_and_games_people,male,15,3,14.0,5.0,9.0,0.6428571428571429
2537,Jesus,Religious_figures_and_leaders,male,59,116,214.0,17.0,197.0,0.9205607476635514
2543,Jimmy_Carter,USA_Presidents,male,66,36,17.0,,17.0,1.0
2544,Jimmy_Wales,Computing_People,male,12,6,12.0,3.0,9.0,0.75
2545,Joan_of_Arc,Military_People,female,23,7,16.0,11.0,5.0,0.3125
2547,Jocelin,Religious_figures_and_leaders,male,10,1,7.0,3.0,4.0,0.5714285714285714
2548,Joel_Brand,Historical_figures,male,37,1,,,,
2549,Johann_Pachelbel,Performers_and_composers,male,23,2,8.0,1.0,7.0,0.875
2550,Johann_Sebastian_Bach,Performers_and_composers,male,23,30,14.0,,14.0,1.0
2551,Johann_Wolfgang_Goethe,Writers_and_critics,male,39,5,1.0,1.0,,
2552,Johannes_Gutenberg,Engineers_and_inventors,male,14,5,1.0,1.0,,
2553,Johannes_Kepler,Astronomers_and_physicists,male,34,29,10.0,1.0,9.0,0.9
2554,Johannes_Ockeghem,Performers_and_composers,male,5,2,2.0,2.0,,
2557,John_Adams,USA_Presidents,male,22,26,13.0,,13.0,1.0
2559,John_Cabot,Geographers_and_explorers,male,11,8,13.0,7.0,6.0,0.46153846153846156
2560,John_Calvin,Religious_figures_and_leaders,male,21,18,7.0,1.0,6.0,0.8571428571428571
2561,John_Constable,Artists,male,6,14,8.0,3.0,5.0,0.625
2562,John_Dee,Mathematicians,male,40,5,14.0,10.0,4.0,0.2857142857142857
2563,John_F._Kennedy,USA_Presidents,male,68,60,23.0,1.0,22.0,0.9565217391304348
2565,John_Flamsteed,Engineers_and_inventors,male,8,7,6.0,1.0,5.0,0.8333333333333334
2567,John_Howard,Political_People,male,25,13,,,,
2568,John_Locke,Philosophers,male,39,46,12.0,2.0,10.0,0.8333333333333334
2569,John_Logie_Baird,Engineers_and_inventors,male,14,4,9.0,3.0,6.0,0.6666666666666666
2570,John_Marshall,Political_People,male,19,5,6.0,2.0,4.0,0.6666666666666666
2572,John_McEnroe,Sports_and_games_people,male,31,8,7.0,1.0,6.0,0.8571428571428571
2574,John_Millington_Synge,Writers_and_critics,male,20,6,5.0,1.0,4.0,0.8
2575,John_Milton,Writers_and_critics,male,13,23,8.0,2.0,6.0,0.75
2576,John_Pershing,Military_People,male,47,3,8.0,2.0,6.0,0.75
2577,John_Seigenthaler%2C_Sr.,Writers_and_critics,male,7,1,,,,
2578,John_Sentamu,Religious_figures_and_leaders,male,11,2,13.0,9.0,4.0,0.3076923076923077
2579,John_Tyler,USA_Presidents,male,10,9,6.0,1.0,5.0,0.8333333333333334
2580,John_Vanbrugh,Artists,male,33,10,,,,
2581,John_W._Campbell,Writers_and_critics,male,4,3,2.0,2.0,,
2584,John_of_England,Monarchs_of_Great_Britain,male,29,23,6.0,1.0,5.0,0.8333333333333334
2585,John_von_Neumann,Mathematicians,male,40,16,,,,
2586,Johnny_Appleseed,Historical_figures,male,11,1,6.0,1.0,5.0,0.8333333333333334
2589,Jonah_Lomu,Sports_and_games_people,male,18,2,5.0,,5.0,1.0
2590,Jonathan_Wild,Historical_figures,male,11,1,2.0,2.0,,
2595,Jorge_Luis_Borges,Writers_and_critics,male,65,16,5.0,,5.0,1.0
2596,Joseph_Haydn,Performers_and_composers,male,13,14,10.0,1.0,9.0,0.9
2597,Joseph_Stalin,Political_People,male,67,53,34.0,2.0,32.0,0.9411764705882353
2600,Juan_Sebasti%C3%A1n_Elcano,Geographers_and_explorers,male,14,2,,,,
2603,Julius_Caesar,Historical_figures,male,21,49,34.0,2.0,32.0,0.9411764705882353
2623,Karl_Benz,Engineers_and_inventors,male,11,4,7.0,,7.0,1.0
2624,Karl_Marx,Political_People,male,63,50,17.0,1.0,16.0,0.9411764705882353
2625,Karl_Popper,Philosophers,male,28,22,6.0,1.0,5.0,0.8333333333333334
2631,Keira_Knightley,Actors_models_and_celebrities,female,8,3,10.0,4.0,6.0,0.6
2637,Kevin_Spacey,Actors_models_and_celebrities,male,14,1,2.0,2.0,,
2638,Khan_Wali_Khan,Writers_and_critics,male,10,1,1.0,1.0,,
2659,Kofi_Annan,Political_People,male,34,21,8.0,,8.0,1.0
2662,Konrad_Lorenz,Human_Scientists,male,16,5,1.0,1.0,,
2680,Kurt_Cobain,Performers_and_composers,male,23,7,29.0,9.0,20.0,0.6896551724137931
2685,Kylie_Minogue,Performers_and_composers,female,30,6,19.0,15.0,4.0,0.21052631578947367
2689,L._S._Lowry,Artists,male,8,3,,,,
2718,Lance_Armstrong,Sports_and_games_people,male,10,5,9.0,1.0,8.0,0.8888888888888888
2727,Laozi,Philosophers,male,6,6,8.0,1.0,7.0,0.875
2736,Laurence_Olivier,Actors_models_and_celebrities,male,16,15,1.0,1.0,,
2737,Laurent_Fignon,Sports_and_games_people,male,4,3,5.0,,5.0,1.0
2754,Leif_Ericson,Geographers_and_explorers,male,15,3,16.0,3.0,13.0,0.8125
2762,Leo_Tolstoy,Writers_and_critics,male,29,22,13.0,8.0,5.0,0.38461538461538464
2763,Leon_Trotsky,Political_People,male,45,17,22.0,1.0,21.0,0.9545454545454546
2764,Leonardo_da_Vinci,Artists,male,47,34,136.0,10.0,126.0,0.9264705882352942
2765,Leonardo_da_Vinci,Engineers_and_inventors,male,47,34,136.0,10.0,126.0,0.9264705882352942
2766,Leonhard_Euler,Mathematicians,male,33,20,7.0,1.0,6.0,0.8571428571428571
2807,Linus_Pauling,Chemists,male,52,17,8.0,,8.0,1.0
2808,Linus_Torvalds,Computing_People,male,14,10,8.0,2.0,6.0,0.75
2821,List_of_French_monarchs,Historical_figures,male,12,7,12.0,3.0,9.0,0.75
2840,List_of_monarchs_in_the_British_Isles,Monarchs_of_Great_Britain,male,64,4,6.0,6.0,,
2842,List_of_popes,Religious_figures_and_leaders,male,33,1,19.0,13.0,6.0,0.3157894736842105
2860,Llywelyn_the_Great,Historical_figures,male,12,2,21.0,18.0,3.0,0.14285714285714285
2889,Louis_Armstrong,Performers_and_composers,male,29,9,15.0,2.0,13.0,0.8666666666666667
2891,Louis_Jordan,Performers_and_composers,male,17,6,4.0,,4.0,1.0
2892,Louis_Pasteur,Human_Scientists,male,15,10,6.0,2.0,4.0,0.6666666666666666
2893,Louis_XIV_of_France,Historical_figures,male,46,34,18.0,1.0,17.0,0.9444444444444444
2897,Lucy%2C_Lady_Duff-Gordon,Artists,female,8,1,1.0,1.0,,
2898,Ludwig_Wittgenstein,Philosophers,male,39,20,15.0,1.0,14.0,0.9333333333333333
2899,Ludwig_van_Beethoven,Performers_and_composers,male,12,29,24.0,,24.0,1.0
2910,Lyndon_B._Johnson,USA_Presidents,male,27,23,24.0,,24.0,1.0
2925,Macbeth_of_Scotland,Monarchs_of_Great_Britain,male,13,8,10.0,2.0,8.0,0.8
2949,Mahatma_Gandhi,Political_People,male,40,39,17.0,,17.0,1.0
2951,Mahmoud_Abbas,Political_People,male,24,6,3.0,3.0,,
2963,Malcolm_X,Religious_figures_and_leaders,male,38,7,14.0,1.0,13.0,0.9285714285714286
2987,Manuel_I_Komnenos,Historical_figures,male,28,3,4.0,,4.0,1.0
2989,Mao_Zedong,Political_People,male,30,32,35.0,6.0,29.0,0.8285714285714286
2993,Marcel_Lefebvre,Religious_figures_and_leaders,female,16,2,6.0,1.0,5.0,0.8333333333333334
2994,Marcel_Proust,Writers_and_critics,male,13,12,1.0,1.0,,
2995,Marco_Polo,Geographers_and_explorers,male,23,21,33.0,29.0,4.0,0.12121212121212122
2996,Marcus_Allen,Sports_and_games_people,male,3,1,,,,
2997,Margaret_Sanger,Political_People,female,12,2,1.0,1.0,,
2998,Margaret_Thatcher,Political_People,female,72,38,12.0,1.0,11.0,0.9166666666666666
3002,Marie_Curie,Chemists,female,17,10,15.0,7.0,8.0,0.5333333333333333
3006,Mark_Antony,Historical_figures,male,19,16,5.0,,5.0,1.0
3007,Mark_Twain,Writers_and_critics,male,17,33,10.0,3.0,7.0,0.7
3009,Mark_Webber,Sports_and_games_people,male,19,1,,,,
3020,Martin_Luther,Religious_figures_and_leaders,male,22,38,19.0,2.0,17.0,0.8947368421052632
3021,Martin_Luther_King%2C_Jr.,Political_People,male,44,24,14.0,1.0,13.0,0.9285714285714286
3022,Martin_Van_Buren,USA_Presidents,male,20,10,12.0,1.0,11.0,0.9166666666666666
3023,Martina_Navratilova,Sports_and_games_people,female,14,4,7.0,2.0,5.0,0.7142857142857143
3026,Marvin_Gaye,Performers_and_composers,male,17,6,15.0,6.0,9.0,0.6
3029,Mary_II_of_England,Monarchs_of_Great_Britain,female,26,22,12.0,1.0,11.0,0.9166666666666666
3031,Mary_I_of_England,Monarchs_of_Great_Britain,female,33,24,8.0,2.0,6.0,0.75
3033,Mary_I_of_Scotland,Monarchs_of_Great_Britain,female,34,16,17.0,1.0,16.0,0.9411764705882353
3047,Matsuo_Bash%C5%8D,Writers_and_critics,male,2,3,,,,
3049,Matthew_Brettingham,Artists,male,10,1,,,,
3059,Max_Planck,Astronomers_and_physicists,male,18,15,9.0,1.0,8.0,0.8888888888888888
3060,Max_Weber,Human_Scientists,male,48,21,6.0,2.0,4.0,0.6666666666666666
3112,Michael_Faraday,Chemists,male,16,15,22.0,,22.0,1.0
3113,Michael_Jordan,Sports_and_games_people,male,15,6,58.0,7.0,51.0,0.8793103448275862
3114,Michael_Ramsey,Religious_figures_and_leaders,male,7,3,9.0,6.0,3.0,0.3333333333333333
3116,Michelangelo,Artists,male,14,29,20.0,3.0,17.0,0.85
3118,Mickey_Mantle,Sports_and_games_people,male,12,1,1.0,1.0,,
3127,Miguel_de_Cervantes,Writers_and_critics,male,12,14,,,,
3128,Mikhail_Gorbachev,Political_People,male,48,37,9.0,,9.0,1.0
3130,Miles_Davis,Performers_and_composers,male,19,9,8.0,,8.0,1.0
3141,Millard_Fillmore,USA_Presidents,male,16,8,6.0,,6.0,1.0
3157,Miranda_Otto,Actors_models_and_celebrities,female,14,1,8.0,1.0,7.0,0.875
3218,Mother_Teresa,Religious_figures_and_leaders,male,36,4,10.0,5.0,5.0,0.5
3237,Muhammad,Religious_figures_and_leaders,male,37,41,44.0,1.0,43.0,0.9772727272727273
3238,Muhammad_Ali,Sports_and_games_people,male,8,5,10.0,4.0,6.0,0.6
3239,Muhammad_Ali_Jinnah,Political_People,male,22,9,6.0,2.0,4.0,0.6666666666666666
3240,Muhammad_Iqbal,Writers_and_critics,male,32,2,2.0,2.0,,
3241,Muhammad_ibn_Musa_al-Khwarizmi,Astronomers_and_physicists,male,23,3,7.0,3.0,4.0,0.5714285714285714
3281,Nadia_Com%C4%83neci,Sports_and_games_people,female,12,1,,,,
3290,Napoleon_I_of_France,Historical_figures,male,48,118,18.0,2.0,16.0,0.8888888888888888
3295,Natalie_Portman,Actors_models_and_celebrities,female,31,5,24.0,10.0,14.0,0.5833333333333334
3318,Neil_Armstrong,Geographers_and_explorers,male,34,16,44.0,6.0,38.0,0.8636363636363636
3319,Neil_Young,Performers_and_composers,male,29,4,15.0,10.0,5.0,0.3333333333333333
3320,Nelson_Mandela,Political_People,male,42,34,16.0,1.0,15.0,0.9375
3355,Niccol%C3%B2_Machiavelli,Philosophers,male,10,14,5.0,,5.0,1.0
3356,Niccol%C3%B2_Paganini,Performers_and_composers,male,14,6,1.0,1.0,,
3360,Nicolaus_Copernicus,Astronomers_and_physicists,male,45,21,12.0,2.0,10.0,0.8333333333333334
3361,Niels_Bohr,Astronomers_and_physicists,male,28,22,10.0,2.0,8.0,0.8
3369,Nikola_Tesla,Astronomers_and_physicists,male,53,15,36.0,8.0,28.0,0.7777777777777778
3370,Nikola_Tesla,Engineers_and_inventors,male,53,15,36.0,8.0,28.0,0.7777777777777778
3371,Nikolai_Rimsky-Korsakov,Performers_and_composers,male,6,7,4.0,,4.0,1.0
3395,Norman_Borlaug,Human_Scientists,male,59,3,3.0,3.0,,
3413,Nostradamus,Religious_figures_and_leaders,male,25,2,3.0,3.0,,
3442,Olaudah_Equiano,Historical_figures,male,11,1,,,,
3450,Oliver_Cromwell,Historical_figures,male,32,48,14.0,4.0,10.0,0.7142857142857143
3451,Oliver_Cromwell,Monarchs_of_Great_Britain,male,32,48,14.0,4.0,10.0,0.7142857142857143
3453,Ollanta_Humala,Political_People,male,17,1,6.0,1.0,5.0,0.8333333333333334
3499,Osama_bin_Laden,Political_People,male,48,15,46.0,4.0,42.0,0.9130434782608695
3509,Otto_von_Bismarck,Historical_figures,male,26,9,11.0,2.0,9.0,0.8181818181818182
3529,Pablo_Picasso,Artists,male,18,31,27.0,8.0,19.0,0.7037037037037037
3576,Pat_Cash,Sports_and_games_people,male,15,3,2.0,2.0,,
3578,Paul_C%C3%A9zanne,Artists,male,10,12,12.0,8.0,4.0,0.3333333333333333
3579,Paul_Dirac,Astronomers_and_physicists,male,32,15,6.0,,6.0,1.0
3580,Paul_Kane,Artists,male,28,2,5.0,5.0,,
3581,Paul_McCartney,Performers_and_composers,male,54,20,86.0,15.0,71.0,0.8255813953488372
3582,Paul_of_Tarsus,Religious_figures_and_leaders,male,10,37,,,,
3593,Pedro_del_Valle,Military_People,male,16,1,,,,
3594,Pel%C3%A9,Sports_and_games_people,male,16,10,10.0,4.0,6.0,0.6
3598,Penda_of_Mercia,Historical_figures,male,14,4,6.0,,6.0,1.0
3608,Pericles,Military_People,male,21,12,9.0,3.0,6.0,0.6666666666666666
3620,Pete_Sampras,Sports_and_games_people,male,49,13,12.0,,12.0,1.0
3622,Peter_I_of_Russia,Historical_figures,male,10,16,8.0,,8.0,1.0
3623,Peter_Paul_Rubens,Artists,male,12,27,7.0,3.0,4.0,0.5714285714285714
3632,Philip_II_of_Spain,Historical_figures,male,27,26,6.0,,6.0,1.0
3681,Plato,Philosophers,male,44,76,25.0,3.0,22.0,0.88
3731,Pope_Benedict_XVI,Religious_figures_and_leaders,male,50,22,10.0,,10.0,1.0
3732,Pope_John_Paul_II,Religious_figures_and_leaders,male,114,50,17.0,1.0,16.0,0.9411764705882353
3733,Pope_Pius_XII,Religious_figures_and_leaders,male,50,13,12.0,,12.0,1.0
3797,Ptolemy,Astronomers_and_physicists,male,26,46,15.0,4.0,11.0,0.7333333333333333
3807,Pyotr_Ilyich_Tchaikovsky,Performers_and_composers,male,21,17,10.0,2.0,8.0,0.8
3810,Pythagoras,Mathematicians,male,17,16,24.0,4.0,20.0,0.8333333333333334
3816,Qin_Shi_Huang,Historical_figures,male,22,6,8.0,,8.0,1.0
3838,Rabindranath_Tagore,Writers_and_critics,male,65,12,7.0,3.0,4.0,0.5714285714285714
3859,Ralph_Nader,Political_People,male,27,4,1.0,1.0,,
3866,Raphael,Artists,male,24,28,11.0,2.0,9.0,0.8181818181818182
3893,Rembrandt,Artists,male,28,5,3.0,3.0,,
3894,Ren%C3%A9_Descartes,Philosophers,male,36,32,10.0,6.0,4.0,0.4
3914,Reza_Shah,Military_People,male,14,2,8.0,1.0,7.0,0.875
3924,Richard_Feynman,Astronomers_and_physicists,male,33,25,8.0,2.0,6.0,0.75
3925,Richard_Francis_Burton,Geographers_and_explorers,male,40,7,4.0,,4.0,1.0
3928,Richard_III_of_England,Monarchs_of_Great_Britain,male,27,15,11.0,4.0,7.0,0.6363636363636364
3930,Richard_II_of_England,Monarchs_of_Great_Britain,male,18,16,15.0,7.0,8.0,0.5333333333333333
3932,Richard_I_of_England,Monarchs_of_Great_Britain,male,25,19,11.0,1.0,10.0,0.9090909090909091
3933,Richard_Nixon,USA_Presidents,male,55,49,18.0,,18.0,1.0
3935,Richard_Stallman,Computing_People,male,23,14,,,,
3936,Richard_Wagner,Performers_and_composers,male,43,34,7.0,1.0,6.0,0.8571428571428571
3948,Roald_Amundsen,Geographers_and_explorers,male,14,1,12.0,3.0,9.0,0.75
3951,Robert_Boyle,Chemists,male,28,19,7.0,1.0,6.0,0.8571428571428571
3952,Robert_Gascoyne-Cecil%2C_3rd_Marquess_of_Salisbury,Political_People,male,15,15,,,,
3953,Robert_Oppenheimer,Astronomers_and_physicists,male,46,7,8.0,3.0,5.0,0.625
3955,Robert_Owen,Political_People,male,16,6,,,,
3957,Robert_Schumann,Performers_and_composers,male,15,16,6.0,,6.0,1.0
3985,Romulus_Augustus,Historical_figures,male,10,5,19.0,,19.0,1.0
3986,Ronald_Reagan,USA_Presidents,male,89,69,52.0,3.0,49.0,0.9423076923076923
3989,Rosa_Parks,Historical_figures,female,20,3,12.0,5.0,7.0,0.5833333333333334
3994,Rowan_Williams,Religious_figures_and_leaders,male,16,9,7.0,1.0,6.0,0.8571428571428571
4005,Rudolf_Vrba,Historical_figures,male,27,1,,,,
4006,Rudyard_Kipling,Writers_and_critics,male,45,22,3.0,3.0,,
4017,Rutherford_B._Hayes,USA_Presidents,male,14,7,13.0,,13.0,1.0
4026,S%C3%B8ren_Kierkegaard,Philosophers,male,31,9,4.0,,4.0,1.0
4050,Saladin,Historical_figures,male,18,17,9.0,1.0,8.0,0.8888888888888888
4056,Salvador_Dal%C3%AD,Artists,male,28,10,1.0,1.0,,
4062,Samuel_Beckett,Writers_and_critics,male,31,14,5.0,,5.0,1.0
4064,Samuel_Taylor_Coleridge,Writers_and_critics,male,22,21,,,,
4078,Sandy_Koufax,Sports_and_games_people,male,15,1,8.0,2.0,6.0,0.75
4086,Sardar_Vallabhbhai_Patel,Historical_figures,male,24,5,6.0,1.0,5.0,0.8333333333333334
4133,Sean_Connery,Actors_models_and_celebrities,male,22,9,16.0,7.0,9.0,0.5625
4146,Selena,Performers_and_composers,female,10,1,1.0,1.0,,
4175,Shaka,Historical_figures,male,3,2,12.0,1.0,11.0,0.9166666666666666
4180,Sheikh_Mujibur_Rahman,Historical_figures,male,20,2,8.0,2.0,6.0,0.75
4204,Sigmund_Freud,Human_Scientists,male,38,30,23.0,4.0,19.0,0.8260869565217391
4211,Sim%C3%B3n_Bol%C3%ADvar,Historical_figures,male,23,14,8.0,3.0,5.0,0.625
4221,Sitting_Bull,Historical_figures,male,8,3,6.0,6.0,,
4254,Socrates,Philosophers,male,17,20,50.0,4.0,46.0,0.92
4357,Stanis%C5%82aw_Koniecpolski,Historical_figures,male,15,3,1.0,1.0,,
4360,Stanley_Baldwin,Political_People,male,14,9,8.0,,8.0,1.0
4378,Stefan_Edberg,Sports_and_games_people,male,28,9,5.0,,5.0,1.0
4382,Stephen_Harper,Political_People,male,16,9,9.0,,9.0,1.0
4383,Stephen_Hawking,Astronomers_and_physicists,male,35,13,44.0,7.0,37.0,0.8409090909090909
4385,Stephen_Jay_Gould,Writers_and_critics,male,26,15,1.0,1.0,,
4428,Suleiman_the_Magnificent,Historical_figures,male,41,7,6.0,,6.0,1.0
4441,Sun_Yat-sen,Political_People,male,38,9,7.0,1.0,6.0,0.8571428571428571
4481,Sydney_Newman,Producers_directors_and_media_figures,male,15,2,5.0,1.0,4.0,0.8
4491,T._S._Eliot,Writers_and_critics,male,36,25,13.0,9.0,4.0,0.3076923076923077
4537,Tenzin_Gyatso%2C_14th_Dalai_Lama,Religious_figures_and_leaders,male,41,7,2.0,2.0,,
4538,Tenzing_Norgay,Geographers_and_explorers,male,8,4,12.0,,12.0,1.0
4626,Theodore_Roosevelt,USA_Presidents,male,60,48,28.0,3.0,25.0,0.8928571428571429
4636,Thomas_Aquinas,Religious_figures_and_leaders,male,23,25,10.0,1.0,9.0,0.9
4637,Thomas_Becket,Religious_figures_and_leaders,male,12,14,9.0,,9.0,1.0
4638,Thomas_Cranmer,Religious_figures_and_leaders,male,22,12,6.0,,6.0,1.0
4639,Thomas_Edison,Engineers_and_inventors,male,21,18,17.0,5.0,12.0,0.7058823529411765
4640,Thomas_Gainsborough,Artists,male,11,11,1.0,1.0,,
4641,Thomas_Hobbes,Philosophers,male,26,30,10.0,3.0,7.0,0.7
4642,Thomas_Jefferson,USA_Presidents,male,34,58,37.0,3.0,34.0,0.918918918918919
4644,Thomas_Malthus,Historical_figures,male,28,12,,,,
4645,Thomas_More,Religious_figures_and_leaders,male,35,16,6.0,,6.0,1.0
4646,Thomas_Pynchon,Writers_and_critics,male,45,7,,,,
4647,Thomas_Samuel_Kuhn,Philosophers,male,7,2,22.0,18.0,4.0,0.18181818181818182
4651,Thrasybulus,Military_People,male,7,2,4.0,,4.0,1.0
4665,Tiger_Woods,Sports_and_games_people,male,15,3,174.0,171.0,3.0,0.017241379310344827
4670,Tim_Berners-Lee,Computing_People,male,10,8,1.0,1.0,,
4671,Tim_Henman,Sports_and_games_people,male,34,4,10.0,,10.0,1.0
4679,Timur,Historical_figures,male,43,19,8.0,3.0,5.0,0.625
4701,Tony_Blair,Political_People,male,87,44,34.0,2.0,32.0,0.9411764705882353
4789,Tupac_Shakur,Performers_and_composers,male,18,4,23.0,5.0,18.0,0.782608695652174
4809,Tycho_Brahe,Astronomers_and_physicists,male,37,16,8.0,3.0,5.0,0.625
4833,Ulysses_S._Grant,Military_People,male,33,26,26.0,2.0,24.0,0.9230769230769231
4834,Ulysses_S._Grant,USA_Presidents,male,33,26,26.0,2.0,24.0,0.9230769230769231
4899,Vasco_da_Gama,Geographers_and_explorers,male,18,21,8.0,1.0,7.0,0.875
4915,Victor_Hugo,Writers_and_critics,male,31,12,12.0,6.0,6.0,0.5
4918,Victoria_of_the_United_Kingdom,Historical_figures,female,50,77,15.0,,15.0,1.0
4927,Vincent_van_Gogh,Artists,male,29,18,12.0,3.0,9.0,0.75
4928,Virgil,Writers_and_critics,male,30,29,9.0,3.0,6.0,0.6666666666666666
4939,Vitus_Bering,Geographers_and_explorers,male,8,2,,,,
4940,Vivien_Leigh,Actors_models_and_celebrities,female,32,8,6.0,1.0,5.0,0.8333333333333334
4941,Vladimir_Lenin,Political_People,male,37,50,22.0,,22.0,1.0
4949,Voltaire,Writers_and_critics,male,27,41,9.0,3.0,6.0,0.6666666666666666
4955,W._Mark_Felt,Historical_figures,male,22,2,13.0,8.0,5.0,0.38461538461538464
4967,Walt_Disney,Producers_directors_and_media_figures,male,26,15,22.0,18.0,4.0,0.18181818181818182
4968,Walt_Whitman,Writers_and_critics,male,15,12,10.0,3.0,7.0,0.7
4970,Walter_Raleigh,Historical_figures,male,22,10,2.0,2.0,,
4971,Walter_Scott,Writers_and_critics,male,17,18,6.0,1.0,5.0,0.8333333333333334
4977,Ward_Cunningham,Computing_People,male,3,2,7.0,1.0,6.0,0.8571428571428571
4978,Warren_G._Harding,USA_Presidents,male,38,9,12.0,,12.0,1.0
5003,Wayne_Rooney,Sports_and_games_people,male,16,1,18.0,2.0,16.0,0.8888888888888888
5019,Wernher_von_Braun,Engineers_and_inventors,male,35,12,9.0,1.0,8.0,0.8888888888888888
5065,Willem_Barents,Geographers_and_explorers,male,7,2,,,,
5066,William_Butler_Yeats,Writers_and_critics,male,16,20,13.0,2.0,11.0,0.8461538461538461
5067,William_Edington,Historical_figures,male,6,1,,,,
5068,William_Ewart_Gladstone,Historical_figures,male,40,20,14.0,2.0,12.0,0.8571428571428571
5069,William_Ewart_Gladstone,Political_People,male,40,20,14.0,2.0,12.0,0.8571428571428571
5070,William_Gilbert,Historical_figures,male,10,4,7.0,2.0,5.0,0.7142857142857143
5072,William_Harvey,Human_Scientists,male,7,7,,,,
5073,William_Henry_Harrison,USA_Presidents,male,17,12,10.0,,10.0,1.0
5074,William_Hogarth,Artists,male,22,15,4.0,,4.0,1.0
5075,William_Howard_Taft,Political_People,male,48,14,15.0,2.0,13.0,0.8666666666666667
5077,William_III_of_England,Monarchs_of_Great_Britain,male,39,42,10.0,3.0,7.0,0.7
5079,William_II_of_England,Monarchs_of_Great_Britain,male,14,10,13.0,2.0,11.0,0.8461538461538461
5081,William_IV_of_the_United_Kingdom,Monarchs_of_Great_Britain,male,27,25,16.0,1.0,15.0,0.9375
5083,William_I_of_England,Monarchs_of_Great_Britain,male,19,31,11.0,,11.0,1.0
5084,William_Mahone,Historical_figures,male,11,2,,,,
5085,William_McKinley,USA_Presidents,male,17,15,17.0,2.0,15.0,0.8823529411764706
5086,William_N._Page,Historical_figures,male,20,2,2.0,2.0,,
5087,William_Pitt_the_Younger,Political_People,male,29,11,6.0,1.0,5.0,0.8333333333333334
5088,William_Renshaw,Sports_and_games_people,male,4,3,9.0,2.0,7.0,0.7777777777777778
5090,William_Shakespeare,Writers_and_critics,male,16,144,32.0,2.0,30.0,0.9375
5091,William_Tecumseh_Sherman,Military_People,male,32,6,7.0,,7.0,1.0
5092,William_Thomson%2C_1st_Baron_Kelvin,Mathematicians,male,51,7,9.0,5.0,4.0,0.4444444444444444
5093,William_Wilberforce,Historical_figures,male,27,5,4.0,,4.0,1.0
5095,William_and_Mary,Monarchs_of_Great_Britain,female,4,8,14.0,8.0,6.0,0.42857142857142855
5096,William_the_Silent,Historical_figures,male,18,4,6.0,2.0,4.0,0.6666666666666666
5105,Winfield_Scott_Hancock,Historical_figures,male,9,4,1.0,1.0,,
5107,Winston_Churchill,Political_People,male,98,85,45.0,4.0,41.0,0.9111111111111111
5110,Witold_Pilecki,Historical_figures,male,17,3,7.0,2.0,5.0,0.7142857142857143
5112,Wolfgang_Amadeus_Mozart,Performers_and_composers,male,32,35,26.0,1.0,25.0,0.9615384615384616
5122,Woodrow_Wilson,USA_Presidents,male,45,43,29.0,1.0,28.0,0.9655172413793104
5139,Wright_brothers,Engineers_and_inventors,male,6,4,20.0,4.0,16.0,0.8
5148,Yagan,Historical_figures,male,19,1,2.0,2.0,,
5173,Yuri_Gagarin,Historical_figures,male,9,13,20.0,2.0,18.0,0.9
5176,Yuri_Knorosov,Historical_figures,male,22,1,,,,
5179,Zachary_Taylor,Political_People,male,18,14,9.0,,9.0,1.0
5188,Zhang_Qian,Historical_figures,male,19,3,1.0,1.0,,
5190,Zheng_He,Historical_figures,male,39,8,7.0,2.0,5.0,0.7142857142857143
5191,Ziad_Jarrah,Historical_figures,male,25,1,11.0,6.0,5.0,0.45454545454545453
5197,Zionism,Political_People,male,74,25,12.0,2.0,10.0,0.8333333333333334
5200,Zoroaster,Religious_figures_and_leaders,male,28,9,5.0,1.0,4.0,0.8
